"","treeid","spnum","spname","spcode","site","aspect","sitequal","timbersale","dominance","baselinestandBA","baselineinddbh","tension","year","month","growth","rain","temp","olddbh","oldBA","newdbh","newBA","mardbh","marba"
"1","1","621","Tulip Poplar","LITU","B10B","S","2","Y","C",100,12.3,"lo","2015","may",NA,NA,NA,12.3,118.822787775,NA,NA,NA,NA
"2","2","621","Tulip Poplar","LITU","B10B","S","3","N","C",200,9.1,"lo","2015","may",NA,NA,NA,9.1,65.038766975,NA,NA,NA,NA
"3","3","832","Chestnut Oak","QUMO","B10B","S","3","Y","C",70,10.3,"lo","2015","may",NA,NA,NA,10.3,83.322820775,NA,NA,NA,NA
"4","4","832","Chestnut Oak","QUMO","B10B","S","3","N","D",140,12.2,"lo","2015","may",NA,NA,NA,12.2,116.8985639,NA,NA,NA,NA
"5","5","621","Tulip Poplar","LITU","B10B","S","2","N","D",120,21.1,"hi","2015","may",NA,NA,NA,21.1,349.666820975,NA,NA,NA,NA
"6","6","621","Tulip Poplar","LITU","B10B","S","2","Y","D",60,19.5,"lo","2015","may",NA,NA,NA,19.5,298.647399375,NA,NA,NA,NA
"7","7","833","Red Oak","QURU","B10B","S","1","Y","C",80,9.4,"lo","2015","may",NA,NA,NA,9.4,69.3977231,NA,NA,NA,NA
"8","8","833","Red Oak","QURU","B10B","S","1","Y","D",80,25.5,"hi","2015","may",NA,NA,NA,25.5,510.704724375,NA,NA,NA,NA
"9","9","409","Mockernut Hickory","CATO","B10B","S","1","Y","C",90,10,"lo","2015","may",NA,NA,NA,10,78.53975,NA,NA,NA,NA
"10","10","833","Red Oak","QURU","B10B","S","1","N","D",140,23.4,"hi","2015","may",NA,NA,NA,23.4,430.0522551,NA,NA,NA,NA
"11","11","833","Red Oak","QURU","B10B","S","1","N","C",150,9.3,"lo","2015","may",NA,NA,NA,9.3,67.929029775,NA,NA,NA,NA
"12","12","409","Mockernut Hickory","CATO","B10B","S","1","N","C",110,11.6,"lo","2015","may",NA,NA,NA,11.6,105.6830876,NA,NA,NA,NA
"13","13","802","White Oak","QUAL","B06B","N","1","Y","C",70,14.5,"lo","2015","may",NA,NA,NA,14.5,165.129824375,NA,NA,NA,NA
"14","14","802","White Oak","QUAL","B06B","N","1","N","C",140,11.6,"lo","2015","may",NA,NA,NA,11.6,105.6830876,NA,NA,NA,NA
"15","15","833","Red Oak","QURU","B06B","N","1","Y","C",100,11.5,"lo","2015","may",NA,NA,NA,11.5,103.868819375,NA,NA,NA,NA
"16","16","833","Red Oak","QURU","B06B","N","1","N","C",130,12.9,"lo","2015","may",NA,NA,NA,12.9,130.697997975,NA,NA,NA,NA
"17","17","832","Chestnut Oak","QUMO","B06B","N","1","Y","D",90,16.5,"lo","2015","may",NA,NA,NA,16.5,213.824469375,NA,NA,NA,NA
"18","18","129","White Pine","PIST","B06B","N","1","N","C",160,4.5,"lo","2015","may",NA,NA,NA,4.5,15.904299375,NA,NA,NA,NA
"19","19","832","Chestnut Oak","QUMO","B06B","N","1","N","C",150,13.6,"lo","2015","may",NA,NA,NA,13.6,145.2671216,NA,NA,NA,NA
"20","20","129","White Pine","PIST","B06B","N","1","Y","C",80,8.2,"lo","2015","may",NA,NA,NA,8.2,52.8101279,NA,NA,NA,NA
"21","21","316","Red Maple","ACRU","B06B","N","1","Y","C",70,10.9,"lo","2015","may",NA,NA,NA,10.9,93.313076975,NA,NA,NA,NA
"22","22","316","Red Maple","ACRU","B06B","N","1","N","C",110,11.9,"lo","2015","may",NA,NA,NA,11.9,111.220139975,NA,NA,NA,NA
"23","23","372","Black Birch","BELE","B10B","S","2","Y","C",70,13.5,"lo","2015","may",NA,NA,NA,13.5,143.138694375,NA,NA,NA,NA
"24","24","372","Black Birch","BELE","B10B","S","2","N","C",90,10.3,"lo","2015","may",NA,NA,NA,10.3,83.322820775,NA,NA,NA,NA
"25","25","743","Bigtooth Aspen","POGR","C03x","N","1","N","C",150,10.8,"na","2015","may",NA,NA,NA,10.8,91.6087644,NA,NA,NA,NA
"26","26","802","White Oak","QUAL","C03x","N","1","N","C",110,11.1,"na","2015","may",NA,NA,NA,11.1,96.768825975,NA,NA,NA,NA
"27","27","129","White Pine","PIST","C03x","N","2","N","C",170,15.3,"na","2015","may",NA,NA,NA,15.3,183.853700775,NA,NA,NA,NA
"28","28","261","Eastern Hemlock","TSCA","C03x","N","1","N","I",100,9.6,"na","2015","may",NA,NA,NA,9.6,72.3822336,NA,NA,NA,NA
"29","29","743","Bigtooth Aspen","POGR","C03x","N","3","Y","C",70,11.9,"na","2015","may",NA,NA,NA,11.9,111.220139975,NA,NA,NA,NA
"30","30","129","White Pine","PIST","C03x","N","3","Y","C",60,12.2,"na","2015","may",NA,NA,NA,12.2,116.8985639,NA,NA,NA,NA
"31","31","261","Eastern Hemlock","TSCA","C03x","N","3","Y","I",70,8,"na","2015","may",NA,NA,NA,8,50.26544,NA,NA,NA,NA
"32","32","802","White Oak","QUAL","C03x","N","2","Y","C",140,11.7,"na","2015","may",NA,NA,NA,11.7,107.513063775,NA,NA,NA,NA
"33","1","621","Tulip Poplar","LITU","B10B","S","2","Y","C",100,12.3,"lo","2015","jun",NA,NA,NA,12.3,118.822787775,NA,NA,NA,NA
"34","2","621","Tulip Poplar","LITU","B10B","S","3","N","C",200,9.1,"lo","2015","jun",NA,NA,NA,9.1,65.038766975,NA,NA,NA,NA
"35","3","832","Chestnut Oak","QUMO","B10B","S","3","Y","C",70,10.3,"lo","2015","jun",NA,NA,NA,10.3,83.322820775,NA,NA,NA,NA
"36","4","832","Chestnut Oak","QUMO","B10B","S","3","N","D",140,12.2,"lo","2015","jun",NA,NA,NA,12.2,116.8985639,NA,NA,NA,NA
"37","5","621","Tulip Poplar","LITU","B10B","S","2","N","D",120,21.1,"hi","2015","jun",NA,NA,NA,21.1,349.666820975,NA,NA,NA,NA
"38","6","621","Tulip Poplar","LITU","B10B","S","2","Y","D",60,19.5,"lo","2015","jun",NA,NA,NA,19.5,298.647399375,NA,NA,NA,NA
"39","7","833","Red Oak","QURU","B10B","S","1","Y","C",80,9.4,"lo","2015","jun",NA,NA,NA,9.4,69.3977231,NA,NA,NA,NA
"40","8","833","Red Oak","QURU","B10B","S","1","Y","D",80,25.5,"hi","2015","jun",NA,NA,NA,25.5,510.704724375,NA,NA,NA,NA
"41","9","409","Mockernut Hickory","CATO","B10B","S","1","Y","C",90,10,"lo","2015","jun",NA,NA,NA,10,78.53975,NA,NA,NA,NA
"42","10","833","Red Oak","QURU","B10B","S","1","N","D",140,23.4,"hi","2015","jun",NA,NA,NA,23.4,430.0522551,NA,NA,NA,NA
"43","11","833","Red Oak","QURU","B10B","S","1","N","C",150,9.3,"lo","2015","jun",NA,NA,NA,9.3,67.929029775,NA,NA,NA,NA
"44","12","409","Mockernut Hickory","CATO","B10B","S","1","N","C",110,11.6,"lo","2015","jun",NA,NA,NA,11.6,105.6830876,NA,NA,NA,NA
"45","13","802","White Oak","QUAL","B06B","N","1","Y","C",70,14.5,"lo","2015","jun",0,11.87,77.65625,14.5,165.129824375,14.5,165.129824375,0,0
"46","14","802","White Oak","QUAL","B06B","N","1","N","C",140,11.6,"lo","2015","jun",0,11.87,77.65625,11.6,105.6830876,11.6,105.6830876,0,0
"47","15","833","Red Oak","QURU","B06B","N","1","Y","C",100,11.5,"lo","2015","jun",6,11.87,77.65625,11.5,103.868819375,17.5,240.527984375,6,136.659165
"48","16","833","Red Oak","QURU","B06B","N","1","N","C",130,12.9,"lo","2015","jun",8,11.87,77.65625,12.9,130.697997975,20.9,343.069481975,8,212.371484
"49","17","832","Chestnut Oak","QUMO","B06B","N","1","Y","D",90,16.5,"lo","2015","jun",0,11.87,77.65625,16.5,213.824469375,16.5,213.824469375,0,0
"50","18","129","White Pine","PIST","B06B","N","1","N","C",160,4.5,"lo","2015","jun",0,11.87,77.65625,4.5,15.904299375,4.5,15.904299375,0,0
"51","19","832","Chestnut Oak","QUMO","B06B","N","1","N","C",150,13.6,"lo","2015","jun",0,11.87,77.65625,13.6,145.2671216,13.6,145.2671216,0,0
"52","20","129","White Pine","PIST","B06B","N","1","Y","C",80,8.2,"lo","2015","jun",7,11.87,77.65625,8.2,52.8101279,15.2,181.4582384,7,128.6481105
"53","21","316","Red Maple","ACRU","B06B","N","1","Y","C",70,10.9,"lo","2015","jun",3,11.87,77.65625,10.9,93.313076975,13.9,151.746650975,3,58.433574
"54","22","316","Red Maple","ACRU","B06B","N","1","N","C",110,11.9,"lo","2015","jun",2,11.87,77.65625,11.9,111.220139975,13.9,151.746650975,2,40.526511
"55","23","372","Black Birch","BELE","B10B","S","2","Y","C",70,13.5,"lo","2015","jun",NA,NA,NA,13.5,143.138694375,NA,NA,NA,NA
"56","24","372","Black Birch","BELE","B10B","S","2","N","C",90,10.3,"lo","2015","jun",NA,NA,NA,10.3,83.322820775,NA,NA,NA,NA
"57","25","743","Bigtooth Aspen","POGR","C03x","N","1","N","C",150,10.8,"na","2015","jun",NA,NA,NA,10.8,91.6087644,NA,NA,NA,NA
"58","26","802","White Oak","QUAL","C03x","N","1","N","C",110,11.1,"na","2015","jun",NA,NA,NA,11.1,96.768825975,NA,NA,NA,NA
"59","27","129","White Pine","PIST","C03x","N","2","N","C",170,15.3,"na","2015","jun",NA,NA,NA,15.3,183.853700775,NA,NA,NA,NA
"60","28","261","Eastern Hemlock","TSCA","C03x","N","1","N","I",100,9.6,"na","2015","jun",NA,NA,NA,9.6,72.3822336,NA,NA,NA,NA
"61","29","743","Bigtooth Aspen","POGR","C03x","N","3","Y","C",70,11.9,"na","2015","jun",NA,NA,NA,11.9,111.220139975,NA,NA,NA,NA
"62","30","129","White Pine","PIST","C03x","N","3","Y","C",60,12.2,"na","2015","jun",NA,NA,NA,12.2,116.8985639,NA,NA,NA,NA
"63","31","261","Eastern Hemlock","TSCA","C03x","N","3","Y","I",70,8,"na","2015","jun",NA,NA,NA,8,50.26544,NA,NA,NA,NA
"64","32","802","White Oak","QUAL","C03x","N","2","Y","C",140,11.7,"na","2015","jun",NA,NA,NA,11.7,107.513063775,NA,NA,NA,NA
"65","1","621","Tulip Poplar","LITU","B10B","S","2","Y","C",100,12.3,"lo","2015","jul",NA,8.85,78.09,12.3,118.822787775,NA,NA,NA,NA
"66","2","621","Tulip Poplar","LITU","B10B","S","3","N","C",200,9.1,"lo","2015","jul",4.5,8.85,78.09,9.1,65.038766975,13.6,145.2671216,4.5,80.228354625
"67","3","832","Chestnut Oak","QUMO","B10B","S","3","Y","C",70,10.3,"lo","2015","jul",1,8.85,78.09,10.3,83.322820775,11.3,100.287406775,1,16.964586
"68","4","832","Chestnut Oak","QUMO","B10B","S","3","N","D",140,12.2,"lo","2015","jul",0,8.85,78.09,12.2,116.8985639,12.2,116.8985639,0,0
"69","5","621","Tulip Poplar","LITU","B10B","S","2","N","D",120,21.1,"hi","2015","jul",6,8.85,78.09,21.1,349.666820975,27.1,576.803777975,6,227.136957
"70","6","621","Tulip Poplar","LITU","B10B","S","2","Y","D",60,19.5,"lo","2015","jul",6.5,8.85,78.09,19.5,298.647399375,26,530.92871,6.5,232.281310625
"71","7","833","Red Oak","QURU","B10B","S","1","Y","C",80,9.4,"lo","2015","jul",3.5,8.85,78.09,9.4,69.3977231,12.9,130.697997975,3.5,61.300274875
"72","8","833","Red Oak","QURU","B10B","S","1","Y","D",80,25.5,"hi","2015","jul",1.5,8.85,78.09,25.5,510.704724375,27,572.5547775,1.5,61.850053125
"73","9","409","Mockernut Hickory","CATO","B10B","S","1","Y","C",90,10,"lo","2015","jul",1.5,8.85,78.09,10,78.53975,11.5,103.868819375,1.5,25.329069375
"74","10","833","Red Oak","QURU","B10B","S","1","N","D",140,23.4,"hi","2015","jul",NA,8.85,78.09,23.4,430.0522551,NA,NA,NA,NA
"75","11","833","Red Oak","QURU","B10B","S","1","N","C",150,9.3,"lo","2015","jul",1,8.85,78.09,9.3,67.929029775,10.3,83.322820775,1,15.393791
"76","12","409","Mockernut Hickory","CATO","B10B","S","1","N","C",110,11.6,"lo","2015","jul",2,8.85,78.09,11.6,105.6830876,13.6,145.2671216,2,39.584034
"77","13","802","White Oak","QUAL","B06B","N","1","Y","C",70,14.5,"lo","2015","jul",NA,NA,NA,14.5,165.129824375,NA,NA,NA,NA
"78","14","802","White Oak","QUAL","B06B","N","1","N","C",140,11.6,"lo","2015","jul",NA,NA,NA,11.6,105.6830876,NA,NA,NA,NA
"79","15","833","Red Oak","QURU","B06B","N","1","Y","C",100,11.5,"lo","2015","jul",NA,NA,NA,11.5,103.868819375,NA,NA,NA,NA
"80","16","833","Red Oak","QURU","B06B","N","1","N","C",130,12.9,"lo","2015","jul",NA,NA,NA,12.9,130.697997975,NA,NA,NA,NA
"81","17","832","Chestnut Oak","QUMO","B06B","N","1","Y","D",90,16.5,"lo","2015","jul",NA,NA,NA,16.5,213.824469375,NA,NA,NA,NA
"82","18","129","White Pine","PIST","B06B","N","1","N","C",160,4.5,"lo","2015","jul",NA,NA,NA,4.5,15.904299375,NA,NA,NA,NA
"83","19","832","Chestnut Oak","QUMO","B06B","N","1","N","C",150,13.6,"lo","2015","jul",NA,NA,NA,13.6,145.2671216,NA,NA,NA,NA
"84","20","129","White Pine","PIST","B06B","N","1","Y","C",80,8.2,"lo","2015","jul",NA,NA,NA,8.2,52.8101279,NA,NA,NA,NA
"85","21","316","Red Maple","ACRU","B06B","N","1","Y","C",70,10.9,"lo","2015","jul",NA,NA,NA,10.9,93.313076975,NA,NA,NA,NA
"86","22","316","Red Maple","ACRU","B06B","N","1","N","C",110,11.9,"lo","2015","jul",NA,NA,NA,11.9,111.220139975,NA,NA,NA,NA
"87","23","372","Black Birch","BELE","B10B","S","2","Y","C",70,13.5,"lo","2015","jul",5,8.85,78.09,13.5,143.138694375,18.5,268.802294375,5,125.6636
"88","24","372","Black Birch","BELE","B10B","S","2","N","C",90,10.3,"lo","2015","jul",2,8.85,78.09,10.3,83.322820775,12.3,118.822787775,2,35.499967
"89","25","743","Bigtooth Aspen","POGR","C03x","N","1","N","C",150,10.8,"na","2015","jul",NA,NA,NA,10.8,91.6087644,NA,NA,NA,NA
"90","26","802","White Oak","QUAL","C03x","N","1","N","C",110,11.1,"na","2015","jul",NA,NA,NA,11.1,96.768825975,NA,NA,NA,NA
"91","27","129","White Pine","PIST","C03x","N","2","N","C",170,15.3,"na","2015","jul",NA,NA,NA,15.3,183.853700775,NA,NA,NA,NA
"92","28","261","Eastern Hemlock","TSCA","C03x","N","1","N","I",100,9.6,"na","2015","jul",NA,NA,NA,9.6,72.3822336,NA,NA,NA,NA
"93","29","743","Bigtooth Aspen","POGR","C03x","N","3","Y","C",70,11.9,"na","2015","jul",NA,NA,NA,11.9,111.220139975,NA,NA,NA,NA
"94","30","129","White Pine","PIST","C03x","N","3","Y","C",60,12.2,"na","2015","jul",NA,NA,NA,12.2,116.8985639,NA,NA,NA,NA
"95","31","261","Eastern Hemlock","TSCA","C03x","N","3","Y","I",70,8,"na","2015","jul",NA,NA,NA,8,50.26544,NA,NA,NA,NA
"96","32","802","White Oak","QUAL","C03x","N","2","Y","C",140,11.7,"na","2015","jul",NA,NA,NA,11.7,107.513063775,NA,NA,NA,NA
"97","1","621","Tulip Poplar","LITU","B10B","S","2","Y","C",100,12.3,"lo","2015","aug",NA,NA,NA,NA,NA,NA,NA,NA,NA
"98","2","621","Tulip Poplar","LITU","B10B","S","3","N","C",200,9.1,"lo","2015","aug",1,4.33,83.57575758,NA,NA,NA,NA,NA,NA
"99","3","832","Chestnut Oak","QUMO","B10B","S","3","Y","C",70,10.3,"lo","2015","aug",0,6.85,83.70212766,NA,NA,NA,NA,NA,NA
"100","4","832","Chestnut Oak","QUMO","B10B","S","3","N","D",140,12.2,"lo","2015","aug",1,6.85,83.70212766,NA,NA,NA,NA,NA,NA
"101","5","621","Tulip Poplar","LITU","B10B","S","2","N","D",120,21.1,"hi","2015","aug",3,4.33,83.57575758,NA,NA,NA,NA,NA,NA
"102","6","621","Tulip Poplar","LITU","B10B","S","2","Y","D",60,19.5,"lo","2015","aug",1,4.33,83.57575758,NA,NA,NA,NA,NA,NA
"103","7","833","Red Oak","QURU","B10B","S","1","Y","C",80,9.4,"lo","2015","aug",3,4.33,83.57575758,NA,NA,NA,NA,NA,NA
"104","8","833","Red Oak","QURU","B10B","S","1","Y","D",80,25.5,"hi","2015","aug",2,4.33,83.57575758,NA,NA,NA,NA,NA,NA
"105","9","409","Mockernut Hickory","CATO","B10B","S","1","Y","C",90,10,"lo","2015","aug",0,4.33,83.57575758,NA,NA,NA,NA,NA,NA
"106","10","833","Red Oak","QURU","B10B","S","1","N","D",140,23.4,"hi","2015","aug",NA,NA,NA,NA,NA,NA,NA,NA,NA
"107","11","833","Red Oak","QURU","B10B","S","1","N","C",150,9.3,"lo","2015","aug",1,4.33,83.57575758,NA,NA,NA,NA,NA,NA
"108","12","409","Mockernut Hickory","CATO","B10B","S","1","N","C",110,11.6,"lo","2015","aug",3,4.33,83.57575758,NA,NA,NA,NA,NA,NA
"109","13","802","White Oak","QUAL","B06B","N","1","Y","C",70,14.5,"lo","2015","aug",0,6,82.31,NA,NA,NA,NA,NA,NA
"110","14","802","White Oak","QUAL","B06B","N","1","N","C",140,11.6,"lo","2015","aug",1,6,82.31,NA,NA,NA,NA,NA,NA
"111","15","833","Red Oak","QURU","B06B","N","1","Y","C",100,11.5,"lo","2015","aug",NA,NA,NA,NA,NA,NA,NA,NA,NA
"112","16","833","Red Oak","QURU","B06B","N","1","N","C",130,12.9,"lo","2015","aug",NA,NA,NA,NA,NA,NA,NA,NA,NA
"113","17","832","Chestnut Oak","QUMO","B06B","N","1","Y","D",90,16.5,"lo","2015","aug",NA,NA,NA,NA,NA,NA,NA,NA,NA
"114","18","129","White Pine","PIST","B06B","N","1","N","C",160,4.5,"lo","2015","aug",NA,NA,NA,NA,NA,NA,NA,NA,NA
"115","19","832","Chestnut Oak","QUMO","B06B","N","1","N","C",150,13.6,"lo","2015","aug",NA,NA,NA,NA,NA,NA,NA,NA,NA
"116","20","129","White Pine","PIST","B06B","N","1","Y","C",80,8.2,"lo","2015","aug",NA,NA,NA,NA,NA,NA,NA,NA,NA
"117","21","316","Red Maple","ACRU","B06B","N","1","Y","C",70,10.9,"lo","2015","aug",NA,6,82.31,NA,NA,NA,NA,NA,NA
"118","22","316","Red Maple","ACRU","B06B","N","1","N","C",110,11.9,"lo","2015","aug",1.5,6,82.31,NA,NA,NA,NA,NA,NA
"119","23","372","Black Birch","BELE","B10B","S","2","Y","C",70,13.5,"lo","2015","aug",7,4.33,83.57575758,NA,NA,NA,NA,NA,NA
"120","24","372","Black Birch","BELE","B10B","S","2","N","C",90,10.3,"lo","2015","aug",3,4.33,83.57575758,NA,NA,NA,NA,NA,NA
"121","25","743","Bigtooth Aspen","POGR","C03x","N","1","N","C",150,10.8,"na","2015","aug",NA,NA,NA,NA,NA,NA,NA,NA,NA
"122","26","802","White Oak","QUAL","C03x","N","1","N","C",110,11.1,"na","2015","aug",NA,NA,NA,NA,NA,NA,NA,NA,NA
"123","27","129","White Pine","PIST","C03x","N","2","N","C",170,15.3,"na","2015","aug",NA,NA,NA,NA,NA,NA,NA,NA,NA
"124","28","261","Eastern Hemlock","TSCA","C03x","N","1","N","I",100,9.6,"na","2015","aug",NA,NA,NA,NA,NA,NA,NA,NA,NA
"125","29","743","Bigtooth Aspen","POGR","C03x","N","3","Y","C",70,11.9,"na","2015","aug",NA,NA,NA,NA,NA,NA,NA,NA,NA
"126","30","129","White Pine","PIST","C03x","N","3","Y","C",60,12.2,"na","2015","aug",NA,NA,NA,NA,NA,NA,NA,NA,NA
"127","31","261","Eastern Hemlock","TSCA","C03x","N","3","Y","I",70,8,"na","2015","aug",NA,NA,NA,NA,NA,NA,NA,NA,NA
"128","32","802","White Oak","QUAL","C03x","N","2","Y","C",140,11.7,"na","2015","aug",NA,NA,NA,NA,NA,NA,NA,NA,NA
"129","1","621","Tulip Poplar","LITU","B10B","S","2","Y","C",100,12.3,"lo","2015","sep",NA,NA,NA,NA,NA,NA,NA,NA,NA
"130","2","621","Tulip Poplar","LITU","B10B","S","3","N","C",200,9.1,"lo","2015","sep",NA,NA,NA,NA,NA,NA,NA,NA,NA
"131","3","832","Chestnut Oak","QUMO","B10B","S","3","Y","C",70,10.3,"lo","2015","sep",NA,NA,NA,NA,NA,NA,NA,NA,NA
"132","4","832","Chestnut Oak","QUMO","B10B","S","3","N","D",140,12.2,"lo","2015","sep",NA,NA,NA,NA,NA,NA,NA,NA,NA
"133","5","621","Tulip Poplar","LITU","B10B","S","2","N","D",120,21.1,"hi","2015","sep",NA,NA,NA,NA,NA,NA,NA,NA,NA
"134","6","621","Tulip Poplar","LITU","B10B","S","2","Y","D",60,19.5,"lo","2015","sep",NA,NA,NA,NA,NA,NA,NA,NA,NA
"135","7","833","Red Oak","QURU","B10B","S","1","Y","C",80,9.4,"lo","2015","sep",NA,NA,NA,NA,NA,NA,NA,NA,NA
"136","8","833","Red Oak","QURU","B10B","S","1","Y","D",80,25.5,"hi","2015","sep",NA,NA,NA,NA,NA,NA,NA,NA,NA
"137","9","409","Mockernut Hickory","CATO","B10B","S","1","Y","C",90,10,"lo","2015","sep",NA,NA,NA,NA,NA,NA,NA,NA,NA
"138","10","833","Red Oak","QURU","B10B","S","1","N","D",140,23.4,"hi","2015","sep",NA,NA,NA,NA,NA,NA,NA,NA,NA
"139","11","833","Red Oak","QURU","B10B","S","1","N","C",150,9.3,"lo","2015","sep",NA,NA,NA,NA,NA,NA,NA,NA,NA
"140","12","409","Mockernut Hickory","CATO","B10B","S","1","N","C",110,11.6,"lo","2015","sep",NA,NA,NA,NA,NA,NA,NA,NA,NA
"141","13","802","White Oak","QUAL","B06B","N","1","Y","C",70,14.5,"lo","2015","sep",NA,NA,NA,NA,NA,NA,NA,NA,NA
"142","14","802","White Oak","QUAL","B06B","N","1","N","C",140,11.6,"lo","2015","sep",NA,NA,NA,NA,NA,NA,NA,NA,NA
"143","15","833","Red Oak","QURU","B06B","N","1","Y","C",100,11.5,"lo","2015","sep",NA,NA,NA,NA,NA,NA,NA,NA,NA
"144","16","833","Red Oak","QURU","B06B","N","1","N","C",130,12.9,"lo","2015","sep",NA,NA,NA,NA,NA,NA,NA,NA,NA
"145","17","832","Chestnut Oak","QUMO","B06B","N","1","Y","D",90,16.5,"lo","2015","sep",0,4.736666667,82.17582418,NA,NA,NA,NA,NA,NA
"146","18","129","White Pine","PIST","B06B","N","1","N","C",160,4.5,"lo","2015","sep",0,4.736666667,82.17582418,NA,NA,NA,NA,NA,NA
"147","19","832","Chestnut Oak","QUMO","B06B","N","1","N","C",150,13.6,"lo","2015","sep",NA,NA,NA,NA,NA,NA,NA,NA,NA
"148","20","129","White Pine","PIST","B06B","N","1","Y","C",80,8.2,"lo","2015","sep",4.3333,4.736666667,82.17582418,NA,NA,NA,NA,NA,NA
"149","21","316","Red Maple","ACRU","B06B","N","1","Y","C",70,10.9,"lo","2015","sep",NA,NA,NA,NA,NA,NA,NA,NA,NA
"150","22","316","Red Maple","ACRU","B06B","N","1","N","C",110,11.9,"lo","2015","sep",NA,NA,NA,NA,NA,NA,NA,NA,NA
"151","23","372","Black Birch","BELE","B10B","S","2","Y","C",70,13.5,"lo","2015","sep",NA,NA,NA,NA,NA,NA,NA,NA,NA
"152","24","372","Black Birch","BELE","B10B","S","2","N","C",90,10.3,"lo","2015","sep",NA,NA,NA,NA,NA,NA,NA,NA,NA
"153","25","743","Bigtooth Aspen","POGR","C03x","N","1","N","C",150,10.8,"na","2015","sep",NA,NA,NA,NA,NA,NA,NA,NA,NA
"154","26","802","White Oak","QUAL","C03x","N","1","N","C",110,11.1,"na","2015","sep",NA,NA,NA,NA,NA,NA,NA,NA,NA
"155","27","129","White Pine","PIST","C03x","N","2","N","C",170,15.3,"na","2015","sep",NA,NA,NA,NA,NA,NA,NA,NA,NA
"156","28","261","Eastern Hemlock","TSCA","C03x","N","1","N","I",100,9.6,"na","2015","sep",NA,NA,NA,NA,NA,NA,NA,NA,NA
"157","29","743","Bigtooth Aspen","POGR","C03x","N","3","Y","C",70,11.9,"na","2015","sep",NA,NA,NA,NA,NA,NA,NA,NA,NA
"158","30","129","White Pine","PIST","C03x","N","3","Y","C",60,12.2,"na","2015","sep",NA,NA,NA,NA,NA,NA,NA,NA,NA
"159","31","261","Eastern Hemlock","TSCA","C03x","N","3","Y","I",70,8,"na","2015","sep",NA,NA,NA,NA,NA,NA,NA,NA,NA
"160","32","802","White Oak","QUAL","C03x","N","2","Y","C",140,11.7,"na","2015","sep",NA,NA,NA,NA,NA,NA,NA,NA,NA
"161","1","621","Tulip Poplar","LITU","B10B","S","2","Y","C",100,12.3,"lo","2015","oct",NA,6.27,74.6375,NA,NA,NA,NA,NA,NA
"162","2","621","Tulip Poplar","LITU","B10B","S","3","N","C",200,9.1,"lo","2015","oct",NA,6.27,74.6375,NA,NA,NA,NA,NA,NA
"163","3","832","Chestnut Oak","QUMO","B10B","S","3","Y","C",70,10.3,"lo","2015","oct",0.5,4.765,72.72727273,NA,NA,NA,NA,NA,NA
"164","4","832","Chestnut Oak","QUMO","B10B","S","3","N","D",140,12.2,"lo","2015","oct",0,4.765,72.72727273,NA,NA,NA,NA,NA,NA
"165","5","621","Tulip Poplar","LITU","B10B","S","2","N","D",120,21.1,"hi","2015","oct",NA,NA,NA,NA,NA,NA,NA,NA,NA
"166","6","621","Tulip Poplar","LITU","B10B","S","2","Y","D",60,19.5,"lo","2015","oct",0,6.27,74.6375,NA,NA,NA,NA,NA,NA
"167","7","833","Red Oak","QURU","B10B","S","1","Y","C",80,9.4,"lo","2015","oct",1,6.27,74.6375,NA,NA,NA,NA,NA,NA
"168","8","833","Red Oak","QURU","B10B","S","1","Y","D",80,25.5,"hi","2015","oct",2,6.27,74.6375,NA,NA,NA,NA,NA,NA
"169","9","409","Mockernut Hickory","CATO","B10B","S","1","Y","C",90,10,"lo","2015","oct",0,6.27,74.6375,NA,NA,NA,NA,NA,NA
"170","10","833","Red Oak","QURU","B10B","S","1","N","D",140,23.4,"hi","2015","oct",NA,NA,NA,NA,NA,NA,NA,NA,NA
"171","11","833","Red Oak","QURU","B10B","S","1","N","C",150,9.3,"lo","2015","oct",1,6.27,74.6375,NA,NA,NA,NA,NA,NA
"172","12","409","Mockernut Hickory","CATO","B10B","S","1","N","C",110,11.6,"lo","2015","oct",0,6.27,74.6375,NA,NA,NA,NA,NA,NA
"173","13","802","White Oak","QUAL","B06B","N","1","Y","C",70,14.5,"lo","2015","oct",0,4.765,72.72727273,NA,NA,NA,NA,NA,NA
"174","14","802","White Oak","QUAL","B06B","N","1","N","C",140,11.6,"lo","2015","oct",1.25,4.765,72.72727273,NA,NA,NA,NA,NA,NA
"175","15","833","Red Oak","QURU","B06B","N","1","Y","C",100,11.5,"lo","2015","oct",NA,NA,NA,NA,NA,NA,NA,NA,NA
"176","16","833","Red Oak","QURU","B06B","N","1","N","C",130,12.9,"lo","2015","oct",NA,NA,NA,NA,NA,NA,NA,NA,NA
"177","17","832","Chestnut Oak","QUMO","B06B","N","1","Y","D",90,16.5,"lo","2015","oct",0,7.32,67.88372093,NA,NA,NA,NA,NA,NA
"178","18","129","White Pine","PIST","B06B","N","1","N","C",160,4.5,"lo","2015","oct",0,7.32,67.88372093,NA,NA,NA,NA,NA,NA
"179","19","832","Chestnut Oak","QUMO","B06B","N","1","N","C",150,13.6,"lo","2015","oct",NA,NA,NA,NA,NA,NA,NA,NA,NA
"180","20","129","White Pine","PIST","B06B","N","1","Y","C",80,8.2,"lo","2015","oct",3,7.32,67.88372093,NA,NA,NA,NA,NA,NA
"181","21","316","Red Maple","ACRU","B06B","N","1","Y","C",70,10.9,"lo","2015","oct",NA,NA,NA,NA,NA,NA,NA,NA,NA
"182","22","316","Red Maple","ACRU","B06B","N","1","N","C",110,11.9,"lo","2015","oct",0,4.765,72.72727273,NA,NA,NA,NA,NA,NA
"183","23","372","Black Birch","BELE","B10B","S","2","Y","C",70,13.5,"lo","2015","oct",1.5,6.27,74.6375,NA,NA,NA,NA,NA,NA
"184","24","372","Black Birch","BELE","B10B","S","2","N","C",90,10.3,"lo","2015","oct",0.5,6.27,74.6375,NA,NA,NA,NA,NA,NA
"185","25","743","Bigtooth Aspen","POGR","C03x","N","1","N","C",150,10.8,"na","2015","oct",NA,NA,NA,NA,NA,NA,NA,NA,NA
"186","26","802","White Oak","QUAL","C03x","N","1","N","C",110,11.1,"na","2015","oct",NA,NA,NA,NA,NA,NA,NA,NA,NA
"187","27","129","White Pine","PIST","C03x","N","2","N","C",170,15.3,"na","2015","oct",NA,NA,NA,NA,NA,NA,NA,NA,NA
"188","28","261","Eastern Hemlock","TSCA","C03x","N","1","N","I",100,9.6,"na","2015","oct",NA,NA,NA,NA,NA,NA,NA,NA,NA
"189","29","743","Bigtooth Aspen","POGR","C03x","N","3","Y","C",70,11.9,"na","2015","oct",NA,NA,NA,NA,NA,NA,NA,NA,NA
"190","30","129","White Pine","PIST","C03x","N","3","Y","C",60,12.2,"na","2015","oct",NA,NA,NA,NA,NA,NA,NA,NA,NA
"191","31","261","Eastern Hemlock","TSCA","C03x","N","3","Y","I",70,8,"na","2015","oct",NA,NA,NA,NA,NA,NA,NA,NA,NA
"192","32","802","White Oak","QUAL","C03x","N","2","Y","C",140,11.7,"na","2015","oct",NA,NA,NA,NA,NA,NA,NA,NA,NA
"193","1","621","Tulip Poplar","LITU","B10B","S","2","Y","C",100,12.3,"lo","2016","may",0,3.24,62.07142857,12.3,118.822787775,12.3,118.822787775,0,0
"194","2","621","Tulip Poplar","LITU","B10B","S","3","N","C",200,9.1,"lo","2016","may",0,3.24,62.07142857,9.1,65.038766975,9.1,65.038766975,0,0
"195","3","832","Chestnut Oak","QUMO","B10B","S","3","Y","C",70,10.3,"lo","2016","may",0,3.24,62.07142857,10.3,83.322820775,10.3,83.322820775,0,0
"196","4","832","Chestnut Oak","QUMO","B10B","S","3","N","D",140,12.2,"lo","2016","may",1,3.24,62.07142857,12.2,116.8985639,13.2,136.8476604,1,19.9490965
"197","5","621","Tulip Poplar","LITU","B10B","S","2","N","D",120,21.1,"hi","2016","may",0,3.24,62.07142857,21.1,349.666820975,21.1,349.666820975,0,0
"198","6","621","Tulip Poplar","LITU","B10B","S","2","Y","D",60,19.5,"lo","2016","may",0,3.24,62.07142857,19.5,298.647399375,19.5,298.647399375,0,0
"199","7","833","Red Oak","QURU","B10B","S","1","Y","C",80,9.4,"lo","2016","may",2,3.24,62.07142857,9.4,69.3977231,11.4,102.0702591,2,32.672536
"200","8","833","Red Oak","QURU","B10B","S","1","Y","D",80,25.5,"hi","2016","may",3,3.24,62.07142857,25.5,510.704724375,28.5,637.939119375,3,127.234395
"201","9","409","Mockernut Hickory","CATO","B10B","S","1","Y","C",90,10,"lo","2016","may",0,3.24,62.07142857,10,78.53975,10,78.53975,0,0
"202","10","833","Red Oak","QURU","B10B","S","1","N","D",140,23.4,"hi","2016","may",1,3.24,62.07142857,23.4,430.0522551,24.4,467.5942556,1,37.5420004999999
"203","11","833","Red Oak","QURU","B10B","S","1","N","C",150,9.3,"lo","2016","may",NA,NA,NA,9.3,67.929029775,NA,NA,NA,NA
"204","12","409","Mockernut Hickory","CATO","B10B","S","1","N","C",110,11.6,"lo","2016","may",2,3.24,62.07142857,11.6,105.6830876,13.6,145.2671216,2,39.584034
"205","13","802","White Oak","QUAL","B06B","N","1","Y","C",70,14.5,"lo","2016","may",0,3.24,62.07142857,14.5,165.129824375,14.5,165.129824375,0,0
"206","14","802","White Oak","QUAL","B06B","N","1","N","C",140,11.6,"lo","2016","may",0,3.24,62.07142857,11.6,105.6830876,11.6,105.6830876,0,0
"207","15","833","Red Oak","QURU","B06B","N","1","Y","C",100,11.5,"lo","2016","may",1,3.24,62.07142857,11.5,103.868819375,12.5,122.718359375,1,18.84954
"208","16","833","Red Oak","QURU","B06B","N","1","N","C",130,12.9,"lo","2016","may",1,3.24,62.07142857,12.9,130.697997975,13.9,151.746650975,1,21.048653
"209","17","832","Chestnut Oak","QUMO","B06B","N","1","Y","D",90,16.5,"lo","2016","may",0,3.24,62.07142857,16.5,213.824469375,16.5,213.824469375,0,0
"210","18","129","White Pine","PIST","B06B","N","1","N","C",160,4.5,"lo","2016","may",0,3.24,62.07142857,4.5,15.904299375,4.5,15.904299375,0,0
"211","19","832","Chestnut Oak","QUMO","B06B","N","1","N","C",150,13.6,"lo","2016","may",0,3.24,62.07142857,13.6,145.2671216,13.6,145.2671216,0,0
"212","20","129","White Pine","PIST","B06B","N","1","Y","C",80,8.2,"lo","2016","may",9,3.24,62.07142857,8.2,52.8101279,17.2,232.3519964,9,179.5418685
"213","21","316","Red Maple","ACRU","B06B","N","1","Y","C",70,10.9,"lo","2016","may",0,3.24,62.07142857,10.9,93.313076975,10.9,93.313076975,0,0
"214","22","316","Red Maple","ACRU","B06B","N","1","N","C",110,11.9,"lo","2016","may",0,3.24,62.07142857,11.9,111.220139975,11.9,111.220139975,0,0
"215","23","372","Black Birch","BELE","B10B","S","2","Y","C",70,13.5,"lo","2016","may",0,3.24,62.07142857,13.5,143.138694375,13.5,143.138694375,0,0
"216","24","372","Black Birch","BELE","B10B","S","2","N","C",90,10.3,"lo","2016","may",0,3.24,62.07142857,10.3,83.322820775,10.3,83.322820775,0,0
"217","25","743","Bigtooth Aspen","POGR","C03x","N","1","N","C",150,10.8,"na","2016","may",NA,NA,NA,10.8,91.6087644,NA,NA,NA,NA
"218","26","802","White Oak","QUAL","C03x","N","1","N","C",110,11.1,"na","2016","may",NA,NA,NA,11.1,96.768825975,NA,NA,NA,NA
"219","27","129","White Pine","PIST","C03x","N","2","N","C",170,15.3,"na","2016","may",NA,NA,NA,15.3,183.853700775,NA,NA,NA,NA
"220","28","261","Eastern Hemlock","TSCA","C03x","N","1","N","I",100,9.6,"na","2016","may",NA,NA,NA,9.6,72.3822336,NA,NA,NA,NA
"221","29","743","Bigtooth Aspen","POGR","C03x","N","3","Y","C",70,11.9,"na","2016","may",NA,NA,NA,11.9,111.220139975,NA,NA,NA,NA
"222","30","129","White Pine","PIST","C03x","N","3","Y","C",60,12.2,"na","2016","may",NA,NA,NA,12.2,116.8985639,NA,NA,NA,NA
"223","31","261","Eastern Hemlock","TSCA","C03x","N","3","Y","I",70,8,"na","2016","may",NA,NA,NA,8,50.26544,NA,NA,NA,NA
"224","32","802","White Oak","QUAL","C03x","N","2","Y","C",140,11.7,"na","2016","may",NA,NA,NA,11.7,107.513063775,NA,NA,NA,NA
"225","1","621","Tulip Poplar","LITU","B10B","S","2","Y","C",100,12.3,"lo","2016","jun",7,3.08,81.83783784,NA,NA,NA,NA,NA,NA
"226","2","621","Tulip Poplar","LITU","B10B","S","3","N","C",200,9.1,"lo","2016","jun",6,3.08,81.83783784,NA,NA,NA,NA,NA,NA
"227","3","832","Chestnut Oak","QUMO","B10B","S","3","Y","C",70,10.3,"lo","2016","jun",2,3.08,81.83783784,NA,NA,NA,NA,NA,NA
"228","4","832","Chestnut Oak","QUMO","B10B","S","3","N","D",140,12.2,"lo","2016","jun",2,3.08,81.83783784,NA,NA,NA,NA,NA,NA
"229","5","621","Tulip Poplar","LITU","B10B","S","2","N","D",120,21.1,"hi","2016","jun",1,3.08,81.83783784,NA,NA,NA,NA,NA,NA
"230","6","621","Tulip Poplar","LITU","B10B","S","2","Y","D",60,19.5,"lo","2016","jun",13,3.08,81.83783784,NA,NA,NA,NA,NA,NA
"231","7","833","Red Oak","QURU","B10B","S","1","Y","C",80,9.4,"lo","2016","jun",5,3.08,81.83783784,NA,NA,NA,NA,NA,NA
"232","8","833","Red Oak","QURU","B10B","S","1","Y","D",80,25.5,"hi","2016","jun",0,3.08,81.83783784,NA,NA,NA,NA,NA,NA
"233","9","409","Mockernut Hickory","CATO","B10B","S","1","Y","C",90,10,"lo","2016","jun",0,3.08,81.83783784,NA,NA,NA,NA,NA,NA
"234","10","833","Red Oak","QURU","B10B","S","1","N","D",140,23.4,"hi","2016","jun",2,3.08,81.83783784,NA,NA,NA,NA,NA,NA
"235","11","833","Red Oak","QURU","B10B","S","1","N","C",150,9.3,"lo","2016","jun",0,3.08,81.83783784,NA,NA,NA,NA,NA,NA
"236","12","409","Mockernut Hickory","CATO","B10B","S","1","N","C",110,11.6,"lo","2016","jun",2,3.08,81.83783784,NA,NA,NA,NA,NA,NA
"237","13","802","White Oak","QUAL","B06B","N","1","Y","C",70,14.5,"lo","2016","jun",0,3.08,81.83783784,NA,NA,NA,NA,NA,NA
"238","14","802","White Oak","QUAL","B06B","N","1","N","C",140,11.6,"lo","2016","jun",1,3.08,81.83783784,NA,NA,NA,NA,NA,NA
"239","15","833","Red Oak","QURU","B06B","N","1","Y","C",100,11.5,"lo","2016","jun",7,3.08,81.83783784,NA,NA,NA,NA,NA,NA
"240","16","833","Red Oak","QURU","B06B","N","1","N","C",130,12.9,"lo","2016","jun",4,3.08,81.83783784,NA,NA,NA,NA,NA,NA
"241","17","832","Chestnut Oak","QUMO","B06B","N","1","Y","D",90,16.5,"lo","2016","jun",0,3.08,81.83783784,NA,NA,NA,NA,NA,NA
"242","18","129","White Pine","PIST","B06B","N","1","N","C",160,4.5,"lo","2016","jun",0,3.08,81.83783784,NA,NA,NA,NA,NA,NA
"243","19","832","Chestnut Oak","QUMO","B06B","N","1","N","C",150,13.6,"lo","2016","jun",1,3.08,81.83783784,NA,NA,NA,NA,NA,NA
"244","20","129","White Pine","PIST","B06B","N","1","Y","C",80,8.2,"lo","2016","jun",11,3.08,81.83783784,NA,NA,NA,NA,NA,NA
"245","21","316","Red Maple","ACRU","B06B","N","1","Y","C",70,10.9,"lo","2016","jun",3,3.08,81.83783784,NA,NA,NA,NA,NA,NA
"246","22","316","Red Maple","ACRU","B06B","N","1","N","C",110,11.9,"lo","2016","jun",3,3.08,81.83783784,NA,NA,NA,NA,NA,NA
"247","23","372","Black Birch","BELE","B10B","S","2","Y","C",70,13.5,"lo","2016","jun",6,3.08,81.83783784,NA,NA,NA,NA,NA,NA
"248","24","372","Black Birch","BELE","B10B","S","2","N","C",90,10.3,"lo","2016","jun",5,3.08,81.83783784,NA,NA,NA,NA,NA,NA
"249","25","743","Bigtooth Aspen","POGR","C03x","N","1","N","C",150,10.8,"na","2016","jun",NA,NA,NA,NA,NA,NA,NA,NA,NA
"250","26","802","White Oak","QUAL","C03x","N","1","N","C",110,11.1,"na","2016","jun",NA,NA,NA,NA,NA,NA,NA,NA,NA
"251","27","129","White Pine","PIST","C03x","N","2","N","C",170,15.3,"na","2016","jun",NA,NA,NA,NA,NA,NA,NA,NA,NA
"252","28","261","Eastern Hemlock","TSCA","C03x","N","1","N","I",100,9.6,"na","2016","jun",NA,NA,NA,NA,NA,NA,NA,NA,NA
"253","29","743","Bigtooth Aspen","POGR","C03x","N","3","Y","C",70,11.9,"na","2016","jun",NA,NA,NA,NA,NA,NA,NA,NA,NA
"254","30","129","White Pine","PIST","C03x","N","3","Y","C",60,12.2,"na","2016","jun",NA,NA,NA,NA,NA,NA,NA,NA,NA
"255","31","261","Eastern Hemlock","TSCA","C03x","N","3","Y","I",70,8,"na","2016","jun",NA,NA,NA,NA,NA,NA,NA,NA,NA
"256","32","802","White Oak","QUAL","C03x","N","2","Y","C",140,11.7,"na","2016","jun",NA,NA,NA,NA,NA,NA,NA,NA,NA
"257","1","621","Tulip Poplar","LITU","B10B","S","2","Y","C",100,12.3,"lo","2016","jul",3,2.74,87.13793103,NA,NA,NA,NA,NA,NA
"258","2","621","Tulip Poplar","LITU","B10B","S","3","N","C",200,9.1,"lo","2016","jul",0,2.74,87.13793103,NA,NA,NA,NA,NA,NA
"259","3","832","Chestnut Oak","QUMO","B10B","S","3","Y","C",70,10.3,"lo","2016","jul",2,2.74,87.13793103,NA,NA,NA,NA,NA,NA
"260","4","832","Chestnut Oak","QUMO","B10B","S","3","N","D",140,12.2,"lo","2016","jul",2,2.74,87.13793103,NA,NA,NA,NA,NA,NA
"261","5","621","Tulip Poplar","LITU","B10B","S","2","N","D",120,21.1,"hi","2016","jul",3,2.74,87.13793103,NA,NA,NA,NA,NA,NA
"262","6","621","Tulip Poplar","LITU","B10B","S","2","Y","D",60,19.5,"lo","2016","jul",7,2.74,87.13793103,NA,NA,NA,NA,NA,NA
"263","7","833","Red Oak","QURU","B10B","S","1","Y","C",80,9.4,"lo","2016","jul",2,2.74,87.13793103,NA,NA,NA,NA,NA,NA
"264","8","833","Red Oak","QURU","B10B","S","1","Y","D",80,25.5,"hi","2016","jul",4,2.74,87.13793103,NA,NA,NA,NA,NA,NA
"265","9","409","Mockernut Hickory","CATO","B10B","S","1","Y","C",90,10,"lo","2016","jul",NA,NA,NA,NA,NA,NA,NA,NA,NA
"266","10","833","Red Oak","QURU","B10B","S","1","N","D",140,23.4,"hi","2016","jul",2,2.74,87.13793103,NA,NA,NA,NA,NA,NA
"267","11","833","Red Oak","QURU","B10B","S","1","N","C",150,9.3,"lo","2016","jul",1,2.74,87.13793103,NA,NA,NA,NA,NA,NA
"268","12","409","Mockernut Hickory","CATO","B10B","S","1","N","C",110,11.6,"lo","2016","jul",0,2.74,87.13793103,NA,NA,NA,NA,NA,NA
"269","13","802","White Oak","QUAL","B06B","N","1","Y","C",70,14.5,"lo","2016","jul",2,2.74,87.13793103,NA,NA,NA,NA,NA,NA
"270","14","802","White Oak","QUAL","B06B","N","1","N","C",140,11.6,"lo","2016","jul",1,2.74,87.13793103,NA,NA,NA,NA,NA,NA
"271","15","833","Red Oak","QURU","B06B","N","1","Y","C",100,11.5,"lo","2016","jul",5,2.74,87.13793103,NA,NA,NA,NA,NA,NA
"272","16","833","Red Oak","QURU","B06B","N","1","N","C",130,12.9,"lo","2016","jul",0,2.74,87.13793103,NA,NA,NA,NA,NA,NA
"273","17","832","Chestnut Oak","QUMO","B06B","N","1","Y","D",90,16.5,"lo","2016","jul",1,2.74,87.13793103,NA,NA,NA,NA,NA,NA
"274","18","129","White Pine","PIST","B06B","N","1","N","C",160,4.5,"lo","2016","jul",0,2.74,87.13793103,NA,NA,NA,NA,NA,NA
"275","19","832","Chestnut Oak","QUMO","B06B","N","1","N","C",150,13.6,"lo","2016","jul",2,2.74,87.13793103,NA,NA,NA,NA,NA,NA
"276","20","129","White Pine","PIST","B06B","N","1","Y","C",80,8.2,"lo","2016","jul",8,2.74,87.13793103,NA,NA,NA,NA,NA,NA
"277","21","316","Red Maple","ACRU","B06B","N","1","Y","C",70,10.9,"lo","2016","jul",2,2.74,87.13793103,NA,NA,NA,NA,NA,NA
"278","22","316","Red Maple","ACRU","B06B","N","1","N","C",110,11.9,"lo","2016","jul",1,2.74,87.13793103,NA,NA,NA,NA,NA,NA
"279","23","372","Black Birch","BELE","B10B","S","2","Y","C",70,13.5,"lo","2016","jul",3.5,2.74,87.13793103,NA,NA,NA,NA,NA,NA
"280","24","372","Black Birch","BELE","B10B","S","2","N","C",90,10.3,"lo","2016","jul",2,2.74,87.13793103,NA,NA,NA,NA,NA,NA
"281","25","743","Bigtooth Aspen","POGR","C03x","N","1","N","C",150,10.8,"na","2016","jul",NA,NA,NA,NA,NA,NA,NA,NA,NA
"282","26","802","White Oak","QUAL","C03x","N","1","N","C",110,11.1,"na","2016","jul",NA,NA,NA,NA,NA,NA,NA,NA,NA
"283","27","129","White Pine","PIST","C03x","N","2","N","C",170,15.3,"na","2016","jul",NA,NA,NA,NA,NA,NA,NA,NA,NA
"284","28","261","Eastern Hemlock","TSCA","C03x","N","1","N","I",100,9.6,"na","2016","jul",NA,NA,NA,NA,NA,NA,NA,NA,NA
"285","29","743","Bigtooth Aspen","POGR","C03x","N","3","Y","C",70,11.9,"na","2016","jul",NA,NA,NA,NA,NA,NA,NA,NA,NA
"286","30","129","White Pine","PIST","C03x","N","3","Y","C",60,12.2,"na","2016","jul",NA,NA,NA,NA,NA,NA,NA,NA,NA
"287","31","261","Eastern Hemlock","TSCA","C03x","N","3","Y","I",70,8,"na","2016","jul",NA,NA,NA,NA,NA,NA,NA,NA,NA
"288","32","802","White Oak","QUAL","C03x","N","2","Y","C",140,11.7,"na","2016","jul",NA,NA,NA,NA,NA,NA,NA,NA,NA
"289","1","621","Tulip Poplar","LITU","B10B","S","2","Y","C",100,12.3,"lo","2016","aug",0,5.79,86.25806452,NA,NA,NA,NA,NA,NA
"290","2","621","Tulip Poplar","LITU","B10B","S","3","N","C",200,9.1,"lo","2016","aug",0,5.79,86.25806452,NA,NA,NA,NA,NA,NA
"291","3","832","Chestnut Oak","QUMO","B10B","S","3","Y","C",70,10.3,"lo","2016","aug",NA,NA,NA,NA,NA,NA,NA,NA,NA
"292","4","832","Chestnut Oak","QUMO","B10B","S","3","N","D",140,12.2,"lo","2016","aug",1,5.79,86.25806452,NA,NA,NA,NA,NA,NA
"293","5","621","Tulip Poplar","LITU","B10B","S","2","N","D",120,21.1,"hi","2016","aug",2,5.79,86.25806452,NA,NA,NA,NA,NA,NA
"294","6","621","Tulip Poplar","LITU","B10B","S","2","Y","D",60,19.5,"lo","2016","aug",1,5.79,86.25806452,NA,NA,NA,NA,NA,NA
"295","7","833","Red Oak","QURU","B10B","S","1","Y","C",80,9.4,"lo","2016","aug",2,6.49,86.26315789,NA,NA,NA,NA,NA,NA
"296","8","833","Red Oak","QURU","B10B","S","1","Y","D",80,25.5,"hi","2016","aug",3,6.49,86.26315789,NA,NA,NA,NA,NA,NA
"297","9","409","Mockernut Hickory","CATO","B10B","S","1","Y","C",90,10,"lo","2016","aug",0,6.49,86.26315789,NA,NA,NA,NA,NA,NA
"298","10","833","Red Oak","QURU","B10B","S","1","N","D",140,23.4,"hi","2016","aug",NA,NA,NA,NA,NA,NA,NA,NA,NA
"299","11","833","Red Oak","QURU","B10B","S","1","N","C",150,9.3,"lo","2016","aug",0,6.49,86.26315789,NA,NA,NA,NA,NA,NA
"300","12","409","Mockernut Hickory","CATO","B10B","S","1","N","C",110,11.6,"lo","2016","aug",0,6.49,86.26315789,NA,NA,NA,NA,NA,NA
"301","13","802","White Oak","QUAL","B06B","N","1","Y","C",70,14.5,"lo","2016","aug",3,6.49,86.26315789,NA,NA,NA,NA,NA,NA
"302","14","802","White Oak","QUAL","B06B","N","1","N","C",140,11.6,"lo","2016","aug",0,6.49,86.26315789,NA,NA,NA,NA,NA,NA
"303","15","833","Red Oak","QURU","B06B","N","1","Y","C",100,11.5,"lo","2016","aug",5,6.49,86.26315789,NA,NA,NA,NA,NA,NA
"304","16","833","Red Oak","QURU","B06B","N","1","N","C",130,12.9,"lo","2016","aug",0,6.49,86.26315789,NA,NA,NA,NA,NA,NA
"305","17","832","Chestnut Oak","QUMO","B06B","N","1","Y","D",90,16.5,"lo","2016","aug",1,6.49,86.26315789,NA,NA,NA,NA,NA,NA
"306","18","129","White Pine","PIST","B06B","N","1","N","C",160,4.5,"lo","2016","aug",0,6.49,86.26315789,NA,NA,NA,NA,NA,NA
"307","19","832","Chestnut Oak","QUMO","B06B","N","1","N","C",150,13.6,"lo","2016","aug",1,6.49,86.26315789,NA,NA,NA,NA,NA,NA
"308","20","129","White Pine","PIST","B06B","N","1","Y","C",80,8.2,"lo","2016","aug",13,6.49,86.26315789,NA,NA,NA,NA,NA,NA
"309","21","316","Red Maple","ACRU","B06B","N","1","Y","C",70,10.9,"lo","2016","aug",1,6.49,86.26315789,NA,NA,NA,NA,NA,NA
"310","22","316","Red Maple","ACRU","B06B","N","1","N","C",110,11.9,"lo","2016","aug",0,6.49,86.26315789,NA,NA,NA,NA,NA,NA
"311","23","372","Black Birch","BELE","B10B","S","2","Y","C",70,13.5,"lo","2016","aug",NA,NA,NA,NA,NA,NA,NA,NA,NA
"312","24","372","Black Birch","BELE","B10B","S","2","N","C",90,10.3,"lo","2016","aug",1,6.49,86.26315789,NA,NA,NA,NA,NA,NA
"313","25","743","Bigtooth Aspen","POGR","C03x","N","1","N","C",150,10.8,"na","2016","aug",NA,NA,NA,NA,NA,NA,NA,NA,NA
"314","26","802","White Oak","QUAL","C03x","N","1","N","C",110,11.1,"na","2016","aug",NA,NA,NA,NA,NA,NA,NA,NA,NA
"315","27","129","White Pine","PIST","C03x","N","2","N","C",170,15.3,"na","2016","aug",NA,NA,NA,NA,NA,NA,NA,NA,NA
"316","28","261","Eastern Hemlock","TSCA","C03x","N","1","N","I",100,9.6,"na","2016","aug",NA,NA,NA,NA,NA,NA,NA,NA,NA
"317","29","743","Bigtooth Aspen","POGR","C03x","N","3","Y","C",70,11.9,"na","2016","aug",NA,NA,NA,NA,NA,NA,NA,NA,NA
"318","30","129","White Pine","PIST","C03x","N","3","Y","C",60,12.2,"na","2016","aug",NA,NA,NA,NA,NA,NA,NA,NA,NA
"319","31","261","Eastern Hemlock","TSCA","C03x","N","3","Y","I",70,8,"na","2016","aug",NA,NA,NA,NA,NA,NA,NA,NA,NA
"320","32","802","White Oak","QUAL","C03x","N","2","Y","C",140,11.7,"na","2016","aug",NA,NA,NA,NA,NA,NA,NA,NA,NA
"321","1","621","Tulip Poplar","LITU","B10B","S","2","Y","C",100,12.3,"lo","2016","sep",0,3.06,82.20588235,NA,NA,NA,NA,NA,NA
"322","2","621","Tulip Poplar","LITU","B10B","S","3","N","C",200,9.1,"lo","2016","sep",0,3.06,82.20588235,NA,NA,NA,NA,NA,NA
"323","3","832","Chestnut Oak","QUMO","B10B","S","3","Y","C",70,10.3,"lo","2016","sep",0,3.06,82.20588235,NA,NA,NA,NA,NA,NA
"324","4","832","Chestnut Oak","QUMO","B10B","S","3","N","D",140,12.2,"lo","2016","sep",0,3.06,82.20588235,NA,NA,NA,NA,NA,NA
"325","5","621","Tulip Poplar","LITU","B10B","S","2","N","D",120,21.1,"hi","2016","sep",NA,3.06,82.20588235,NA,NA,NA,NA,NA,NA
"326","6","621","Tulip Poplar","LITU","B10B","S","2","Y","D",60,19.5,"lo","2016","sep",0,3.06,82.20588235,NA,NA,NA,NA,NA,NA
"327","7","833","Red Oak","QURU","B10B","S","1","Y","C",80,9.4,"lo","2016","sep",1,2.3,80.92592593,NA,NA,NA,NA,NA,NA
"328","8","833","Red Oak","QURU","B10B","S","1","Y","D",80,25.5,"hi","2016","sep",0,2.3,80.92592593,NA,NA,NA,NA,NA,NA
"329","9","409","Mockernut Hickory","CATO","B10B","S","1","Y","C",90,10,"lo","2016","sep",0,2.3,80.92592593,NA,NA,NA,NA,NA,NA
"330","10","833","Red Oak","QURU","B10B","S","1","N","D",140,23.4,"hi","2016","sep",0,2.3,80.92592593,NA,NA,NA,NA,NA,NA
"331","11","833","Red Oak","QURU","B10B","S","1","N","C",150,9.3,"lo","2016","sep",1,2.3,80.92592593,NA,NA,NA,NA,NA,NA
"332","12","409","Mockernut Hickory","CATO","B10B","S","1","N","C",110,11.6,"lo","2016","sep",0,2.3,80.92592593,NA,NA,NA,NA,NA,NA
"333","13","802","White Oak","QUAL","B06B","N","1","Y","C",70,14.5,"lo","2016","sep",0,2.3,80.92592593,NA,NA,NA,NA,NA,NA
"334","14","802","White Oak","QUAL","B06B","N","1","N","C",140,11.6,"lo","2016","sep",0,2.3,80.92592593,NA,NA,NA,NA,NA,NA
"335","15","833","Red Oak","QURU","B06B","N","1","Y","C",100,11.5,"lo","2016","sep",1,2.3,80.92592593,NA,NA,NA,NA,NA,NA
"336","16","833","Red Oak","QURU","B06B","N","1","N","C",130,12.9,"lo","2016","sep",0,2.3,80.92592593,NA,NA,NA,NA,NA,NA
"337","17","832","Chestnut Oak","QUMO","B06B","N","1","Y","D",90,16.5,"lo","2016","sep",0,2.3,80.92592593,NA,NA,NA,NA,NA,NA
"338","18","129","White Pine","PIST","B06B","N","1","N","C",160,4.5,"lo","2016","sep",0,2.3,80.92592593,NA,NA,NA,NA,NA,NA
"339","19","832","Chestnut Oak","QUMO","B06B","N","1","N","C",150,13.6,"lo","2016","sep",0,2.3,80.92592593,NA,NA,NA,NA,NA,NA
"340","20","129","White Pine","PIST","B06B","N","1","Y","C",80,8.2,"lo","2016","sep",6,2.3,80.92592593,NA,NA,NA,NA,NA,NA
"341","21","316","Red Maple","ACRU","B06B","N","1","Y","C",70,10.9,"lo","2016","sep",0,2.3,80.92592593,NA,NA,NA,NA,NA,NA
"342","22","316","Red Maple","ACRU","B06B","N","1","N","C",110,11.9,"lo","2016","sep",0,2.3,80.92592593,NA,NA,NA,NA,NA,NA
"343","23","372","Black Birch","BELE","B10B","S","2","Y","C",70,13.5,"lo","2016","sep",0,2.3,80.92592593,NA,NA,NA,NA,NA,NA
"344","24","372","Black Birch","BELE","B10B","S","2","N","C",90,10.3,"lo","2016","sep",0,2.3,80.92592593,NA,NA,NA,NA,NA,NA
"345","25","743","Bigtooth Aspen","POGR","C03x","N","1","N","C",150,10.8,"na","2016","sep",NA,NA,NA,NA,NA,NA,NA,NA,NA
"346","26","802","White Oak","QUAL","C03x","N","1","N","C",110,11.1,"na","2016","sep",NA,NA,NA,NA,NA,NA,NA,NA,NA
"347","27","129","White Pine","PIST","C03x","N","2","N","C",170,15.3,"na","2016","sep",NA,NA,NA,NA,NA,NA,NA,NA,NA
"348","28","261","Eastern Hemlock","TSCA","C03x","N","1","N","I",100,9.6,"na","2016","sep",NA,NA,NA,NA,NA,NA,NA,NA,NA
"349","29","743","Bigtooth Aspen","POGR","C03x","N","3","Y","C",70,11.9,"na","2016","sep",NA,NA,NA,NA,NA,NA,NA,NA,NA
"350","30","129","White Pine","PIST","C03x","N","3","Y","C",60,12.2,"na","2016","sep",NA,NA,NA,NA,NA,NA,NA,NA,NA
"351","31","261","Eastern Hemlock","TSCA","C03x","N","3","Y","I",70,8,"na","2016","sep",NA,NA,NA,NA,NA,NA,NA,NA,NA
"352","32","802","White Oak","QUAL","C03x","N","2","Y","C",140,11.7,"na","2016","sep",NA,NA,NA,NA,NA,NA,NA,NA,NA
"353","1","621","Tulip Poplar","LITU","B10B","S","2","Y","C",100,12.3,"lo","2016","oct",0,2.91,65.5625,NA,NA,NA,NA,NA,NA
"354","2","621","Tulip Poplar","LITU","B10B","S","3","N","C",200,9.1,"lo","2016","oct",0,2.91,65.5625,NA,NA,NA,NA,NA,NA
"355","3","832","Chestnut Oak","QUMO","B10B","S","3","Y","C",70,10.3,"lo","2016","oct",0,2.91,65.5625,NA,NA,NA,NA,NA,NA
"356","4","832","Chestnut Oak","QUMO","B10B","S","3","N","D",140,12.2,"lo","2016","oct",0,2.91,65.5625,NA,NA,NA,NA,NA,NA
"357","5","621","Tulip Poplar","LITU","B10B","S","2","N","D",120,21.1,"hi","2016","oct",0,2.91,65.5625,NA,NA,NA,NA,NA,NA
"358","6","621","Tulip Poplar","LITU","B10B","S","2","Y","D",60,19.5,"lo","2016","oct",0,2.91,65.5625,NA,NA,NA,NA,NA,NA
"359","7","833","Red Oak","QURU","B10B","S","1","Y","C",80,9.4,"lo","2016","oct",0,2.91,65.5625,NA,NA,NA,NA,NA,NA
"360","8","833","Red Oak","QURU","B10B","S","1","Y","D",80,25.5,"hi","2016","oct",1,2.91,65.5625,NA,NA,NA,NA,NA,NA
"361","9","409","Mockernut Hickory","CATO","B10B","S","1","Y","C",90,10,"lo","2016","oct",0,2.91,65.5625,NA,NA,NA,NA,NA,NA
"362","10","833","Red Oak","QURU","B10B","S","1","N","D",140,23.4,"hi","2016","oct",2,2.91,65.5625,NA,NA,NA,NA,NA,NA
"363","11","833","Red Oak","QURU","B10B","S","1","N","C",150,9.3,"lo","2016","oct",0,2.91,65.5625,NA,NA,NA,NA,NA,NA
"364","12","409","Mockernut Hickory","CATO","B10B","S","1","N","C",110,11.6,"lo","2016","oct",0,2.91,65.5625,NA,NA,NA,NA,NA,NA
"365","13","802","White Oak","QUAL","B06B","N","1","Y","C",70,14.5,"lo","2016","oct",0,2.91,65.5625,NA,NA,NA,NA,NA,NA
"366","14","802","White Oak","QUAL","B06B","N","1","N","C",140,11.6,"lo","2016","oct",0,2.91,65.5625,NA,NA,NA,NA,NA,NA
"367","15","833","Red Oak","QURU","B06B","N","1","Y","C",100,11.5,"lo","2016","oct",0,2.91,65.5625,NA,NA,NA,NA,NA,NA
"368","16","833","Red Oak","QURU","B06B","N","1","N","C",130,12.9,"lo","2016","oct",0,2.91,65.5625,NA,NA,NA,NA,NA,NA
"369","17","832","Chestnut Oak","QUMO","B06B","N","1","Y","D",90,16.5,"lo","2016","oct",0,2.91,65.5625,NA,NA,NA,NA,NA,NA
"370","18","129","White Pine","PIST","B06B","N","1","N","C",160,4.5,"lo","2016","oct",0,2.91,65.5625,NA,NA,NA,NA,NA,NA
"371","19","832","Chestnut Oak","QUMO","B06B","N","1","N","C",150,13.6,"lo","2016","oct",0,2.91,65.5625,NA,NA,NA,NA,NA,NA
"372","20","129","White Pine","PIST","B06B","N","1","Y","C",80,8.2,"lo","2016","oct",2,2.91,65.5625,NA,NA,NA,NA,NA,NA
"373","21","316","Red Maple","ACRU","B06B","N","1","Y","C",70,10.9,"lo","2016","oct",0,2.91,65.5625,NA,NA,NA,NA,NA,NA
"374","22","316","Red Maple","ACRU","B06B","N","1","N","C",110,11.9,"lo","2016","oct",0,2.91,65.5625,NA,NA,NA,NA,NA,NA
"375","23","372","Black Birch","BELE","B10B","S","2","Y","C",70,13.5,"lo","2016","oct",0,2.91,65.5625,NA,NA,NA,NA,NA,NA
"376","24","372","Black Birch","BELE","B10B","S","2","N","C",90,10.3,"lo","2016","oct",1,2.91,65.5625,NA,NA,NA,NA,NA,NA
"377","25","743","Bigtooth Aspen","POGR","C03x","N","1","N","C",150,10.8,"na","2016","oct",NA,NA,NA,NA,NA,NA,NA,NA,NA
"378","26","802","White Oak","QUAL","C03x","N","1","N","C",110,11.1,"na","2016","oct",NA,NA,NA,NA,NA,NA,NA,NA,NA
"379","27","129","White Pine","PIST","C03x","N","2","N","C",170,15.3,"na","2016","oct",NA,NA,NA,NA,NA,NA,NA,NA,NA
"380","28","261","Eastern Hemlock","TSCA","C03x","N","1","N","I",100,9.6,"na","2016","oct",NA,NA,NA,NA,NA,NA,NA,NA,NA
"381","29","743","Bigtooth Aspen","POGR","C03x","N","3","Y","C",70,11.9,"na","2016","oct",NA,NA,NA,NA,NA,NA,NA,NA,NA
"382","30","129","White Pine","PIST","C03x","N","3","Y","C",60,12.2,"na","2016","oct",NA,NA,NA,NA,NA,NA,NA,NA,NA
"383","31","261","Eastern Hemlock","TSCA","C03x","N","3","Y","I",70,8,"na","2016","oct",NA,NA,NA,NA,NA,NA,NA,NA,NA
"384","32","802","White Oak","QUAL","C03x","N","2","Y","C",140,11.7,"na","2016","oct",NA,NA,NA,NA,NA,NA,NA,NA,NA
"385","1","621","Tulip Poplar","LITU","B10B","S","2","Y","C",100,12.3,"lo","2017","may",0,3.87,67.66666667,12.3,118.822787775,12.3,118.822787775,0,0
"386","2","621","Tulip Poplar","LITU","B10B","S","3","N","C",200,9.1,"lo","2017","may",0,3.87,67.66666667,9.1,65.038766975,9.1,65.038766975,0,0
"387","3","832","Chestnut Oak","QUMO","B10B","S","3","Y","C",70,10.3,"lo","2017","may",3,3.87,67.66666667,10.3,83.322820775,13.3,138.928963775,3,55.606143
"388","4","832","Chestnut Oak","QUMO","B10B","S","3","N","D",140,12.2,"lo","2017","may",0,3.87,67.66666667,12.2,116.8985639,12.2,116.8985639,0,0
"389","5","621","Tulip Poplar","LITU","B10B","S","2","N","D",120,21.1,"hi","2017","may",0,3.87,67.66666667,21.1,349.666820975,21.1,349.666820975,0,0
"390","6","621","Tulip Poplar","LITU","B10B","S","2","Y","D",60,19.5,"lo","2017","may",1,3.87,67.66666667,19.5,298.647399375,20.5,330.063299375,1,31.4159
"391","7","833","Red Oak","QURU","B10B","S","1","Y","C",80,9.4,"lo","2017","may",4,3.87,67.66666667,9.4,69.3977231,13.4,141.0259751,4,71.628252
"392","8","833","Red Oak","QURU","B10B","S","1","Y","D",80,25.5,"hi","2017","may",4,3.87,67.66666667,25.5,510.704724375,29.5,683.492174375,4,172.78745
"393","9","409","Mockernut Hickory","CATO","B10B","S","1","Y","C",90,10,"lo","2017","may",0,3.87,67.66666667,10,78.53975,10,78.53975,0,0
"394","10","833","Red Oak","QURU","B10B","S","1","N","D",140,23.4,"hi","2017","may",0,3.87,67.66666667,23.4,430.0522551,23.4,430.0522551,0,0
"395","11","833","Red Oak","QURU","B10B","S","1","N","C",150,9.3,"lo","2017","may",3,3.87,67.66666667,9.3,67.929029775,12.3,118.822787775,3,50.893758
"396","12","409","Mockernut Hickory","CATO","B10B","S","1","N","C",110,11.6,"lo","2017","may",0,3.87,67.66666667,11.6,105.6830876,11.6,105.6830876,0,0
"397","13","802","White Oak","QUAL","B06B","N","1","Y","C",70,14.5,"lo","2017","may",3,3.87,67.66666667,14.5,165.129824375,17.5,240.527984375,3,75.39816
"398","14","802","White Oak","QUAL","B06B","N","1","N","C",140,11.6,"lo","2017","may",0,3.87,67.66666667,11.6,105.6830876,11.6,105.6830876,0,0
"399","15","833","Red Oak","QURU","B06B","N","1","Y","C",100,11.5,"lo","2017","may",7,3.87,67.66666667,11.5,103.868819375,18.5,268.802294375,7,164.933475
"400","16","833","Red Oak","QURU","B06B","N","1","N","C",130,12.9,"lo","2017","may",4,3.87,67.66666667,12.9,130.697997975,16.9,224.317379975,4,93.619382
"401","17","832","Chestnut Oak","QUMO","B06B","N","1","Y","D",90,16.5,"lo","2017","may",0,3.87,67.66666667,16.5,213.824469375,16.5,213.824469375,0,0
"402","18","129","White Pine","PIST","B06B","N","1","N","C",160,4.5,"lo","2017","may",0,3.87,67.66666667,4.5,15.904299375,4.5,15.904299375,0,0
"403","19","832","Chestnut Oak","QUMO","B06B","N","1","N","C",150,13.6,"lo","2017","may",2,3.87,67.66666667,13.6,145.2671216,15.6,191.1343356,2,45.867214
"404","20","129","White Pine","PIST","B06B","N","1","Y","C",80,8.2,"lo","2017","may",16,3.87,67.66666667,8.2,52.8101279,24.2,459.9601919,16,407.150064
"405","21","316","Red Maple","ACRU","B06B","N","1","Y","C",70,10.9,"lo","2017","may",1,3.87,67.66666667,10.9,93.313076975,11.9,111.220139975,1,17.907063
"406","22","316","Red Maple","ACRU","B06B","N","1","N","C",110,11.9,"lo","2017","may",0,3.87,67.66666667,11.9,111.220139975,11.9,111.220139975,0,0
"407","23","372","Black Birch","BELE","B10B","S","2","Y","C",70,13.5,"lo","2017","may",0,3.87,67.66666667,13.5,143.138694375,13.5,143.138694375,0,0
"408","24","372","Black Birch","BELE","B10B","S","2","N","C",90,10.3,"lo","2017","may",1,3.87,67.66666667,10.3,83.322820775,11.3,100.287406775,1,16.964586
"409","25","743","Bigtooth Aspen","POGR","C03x","N","1","N","C",150,10.8,"na","2017","may",0,3.62,67.40625,10.8,91.6087644,10.8,91.6087644,0,0
"410","26","802","White Oak","QUAL","C03x","N","1","N","C",110,11.1,"na","2017","may",0,3.62,67.40625,11.1,96.768825975,11.1,96.768825975,0,0
"411","27","129","White Pine","PIST","C03x","N","2","N","C",170,15.3,"na","2017","may",0,3.62,67.40625,15.3,183.853700775,15.3,183.853700775,0,0
"412","28","261","Eastern Hemlock","TSCA","C03x","N","1","N","I",100,9.6,"na","2017","may",0,3.62,67.40625,9.6,72.3822336,9.6,72.3822336,0,0
"413","29","743","Bigtooth Aspen","POGR","C03x","N","3","Y","C",70,11.9,"na","2017","may",0,3.62,67.40625,11.9,111.220139975,11.9,111.220139975,0,0
"414","30","129","White Pine","PIST","C03x","N","3","Y","C",60,12.2,"na","2017","may",1,3.62,67.40625,12.2,116.8985639,13.2,136.8476604,1,19.9490965
"415","31","261","Eastern Hemlock","TSCA","C03x","N","3","Y","I",70,8,"na","2017","may",5,3.62,67.40625,8,50.26544,13,132.7321775,5,82.4667375
"416","32","802","White Oak","QUAL","C03x","N","2","Y","C",140,11.7,"na","2017","may",0,3.62,67.40625,11.7,107.513063775,11.7,107.513063775,0,0
"417","1","621","Tulip Poplar","LITU","B10B","S","2","Y","C",100,12.3,"lo","2017","jun",8,6,77.39473684,NA,NA,NA,NA,NA,NA
"418","2","621","Tulip Poplar","LITU","B10B","S","3","N","C",200,9.1,"lo","2017","jun",7,6,77.39473684,NA,NA,NA,NA,NA,NA
"419","3","832","Chestnut Oak","QUMO","B10B","S","3","Y","C",70,10.3,"lo","2017","jun",5,6,77.39473684,NA,NA,NA,NA,NA,NA
"420","4","832","Chestnut Oak","QUMO","B10B","S","3","N","D",140,12.2,"lo","2017","jun",4,6,77.39473684,NA,NA,NA,NA,NA,NA
"421","5","621","Tulip Poplar","LITU","B10B","S","2","N","D",120,21.1,"hi","2017","jun",4,6,77.39473684,NA,NA,NA,NA,NA,NA
"422","6","621","Tulip Poplar","LITU","B10B","S","2","Y","D",60,19.5,"lo","2017","jun",13,6,77.39473684,NA,NA,NA,NA,NA,NA
"423","7","833","Red Oak","QURU","B10B","S","1","Y","C",80,9.4,"lo","2017","jun",5,6,77.39473684,NA,NA,NA,NA,NA,NA
"424","8","833","Red Oak","QURU","B10B","S","1","Y","D",80,25.5,"hi","2017","jun",4,6,77.39473684,NA,NA,NA,NA,NA,NA
"425","9","409","Mockernut Hickory","CATO","B10B","S","1","Y","C",90,10,"lo","2017","jun",1,6,77.39473684,NA,NA,NA,NA,NA,NA
"426","10","833","Red Oak","QURU","B10B","S","1","N","D",140,23.4,"hi","2017","jun",NA,NA,NA,NA,NA,NA,NA,NA,NA
"427","11","833","Red Oak","QURU","B10B","S","1","N","C",150,9.3,"lo","2017","jun",0,6,77.39473684,NA,NA,NA,NA,NA,NA
"428","12","409","Mockernut Hickory","CATO","B10B","S","1","N","C",110,11.6,"lo","2017","jun",0,6,77.39473684,NA,NA,NA,NA,NA,NA
"429","13","802","White Oak","QUAL","B06B","N","1","Y","C",70,14.5,"lo","2017","jun",4.5,6,77.41666667,NA,NA,NA,NA,NA,NA
"430","14","802","White Oak","QUAL","B06B","N","1","N","C",140,11.6,"lo","2017","jun",0,6,77.41666667,NA,NA,NA,NA,NA,NA
"431","15","833","Red Oak","QURU","B06B","N","1","Y","C",100,11.5,"lo","2017","jun",12,6,77.41666667,NA,NA,NA,NA,NA,NA
"432","16","833","Red Oak","QURU","B06B","N","1","N","C",130,12.9,"lo","2017","jun",8,6,77.41666667,NA,NA,NA,NA,NA,NA
"433","17","832","Chestnut Oak","QUMO","B06B","N","1","Y","D",90,16.5,"lo","2017","jun",0,6,77.41666667,NA,NA,NA,NA,NA,NA
"434","18","129","White Pine","PIST","B06B","N","1","N","C",160,4.5,"lo","2017","jun",1,6,77.41666667,NA,NA,NA,NA,NA,NA
"435","19","832","Chestnut Oak","QUMO","B06B","N","1","N","C",150,13.6,"lo","2017","jun",2,6,77.41666667,NA,NA,NA,NA,NA,NA
"436","20","129","White Pine","PIST","B06B","N","1","Y","C",80,8.2,"lo","2017","jun",17,6,77.41666667,NA,NA,NA,NA,NA,NA
"437","21","316","Red Maple","ACRU","B06B","N","1","Y","C",70,10.9,"lo","2017","jun",6,6,77.41666667,NA,NA,NA,NA,NA,NA
"438","22","316","Red Maple","ACRU","B06B","N","1","N","C",110,11.9,"lo","2017","jun",NA,NA,NA,NA,NA,NA,NA,NA,NA
"439","23","372","Black Birch","BELE","B10B","S","2","Y","C",70,13.5,"lo","2017","jun",4,6,77.39473684,NA,NA,NA,NA,NA,NA
"440","24","372","Black Birch","BELE","B10B","S","2","N","C",90,10.3,"lo","2017","jun",4,6,77.39473684,NA,NA,NA,NA,NA,NA
"441","25","743","Bigtooth Aspen","POGR","C03x","N","1","N","C",150,10.8,"na","2017","jun",1,5.88,77.15151515,NA,NA,NA,NA,NA,NA
"442","26","802","White Oak","QUAL","C03x","N","1","N","C",110,11.1,"na","2017","jun",0.5,5.88,77.15151515,NA,NA,NA,NA,NA,NA
"443","27","129","White Pine","PIST","C03x","N","2","N","C",170,15.3,"na","2017","jun",0.5,5.88,77.15151515,NA,NA,NA,NA,NA,NA
"444","28","261","Eastern Hemlock","TSCA","C03x","N","1","N","I",100,9.6,"na","2017","jun",0,5.88,77.15151515,NA,NA,NA,NA,NA,NA
"445","29","743","Bigtooth Aspen","POGR","C03x","N","3","Y","C",70,11.9,"na","2017","jun",NA,NA,NA,NA,NA,NA,NA,NA,NA
"446","30","129","White Pine","PIST","C03x","N","3","Y","C",60,12.2,"na","2017","jun",0,5.88,77.15151515,NA,NA,NA,NA,NA,NA
"447","31","261","Eastern Hemlock","TSCA","C03x","N","3","Y","I",70,8,"na","2017","jun",9,5.88,77.15151515,NA,NA,NA,NA,NA,NA
"448","32","802","White Oak","QUAL","C03x","N","2","Y","C",140,11.7,"na","2017","jun",8,5.88,77.15151515,NA,NA,NA,NA,NA,NA
"449","1","621","Tulip Poplar","LITU","B10B","S","2","Y","C",100,12.3,"lo","2017","jul",7,7.9,84,NA,NA,NA,NA,NA,NA
"450","2","621","Tulip Poplar","LITU","B10B","S","3","N","C",200,9.1,"lo","2017","jul",4,7.9,84,NA,NA,NA,NA,NA,NA
"451","3","832","Chestnut Oak","QUMO","B10B","S","3","Y","C",70,10.3,"lo","2017","jul",4,7.9,84,NA,NA,NA,NA,NA,NA
"452","4","832","Chestnut Oak","QUMO","B10B","S","3","N","D",140,12.2,"lo","2017","jul",0,7.9,84,NA,NA,NA,NA,NA,NA
"453","5","621","Tulip Poplar","LITU","B10B","S","2","N","D",120,21.1,"hi","2017","jul",7,7.9,84,NA,NA,NA,NA,NA,NA
"454","6","621","Tulip Poplar","LITU","B10B","S","2","Y","D",60,19.5,"lo","2017","jul",9,7.9,84,NA,NA,NA,NA,NA,NA
"455","7","833","Red Oak","QURU","B10B","S","1","Y","C",80,9.4,"lo","2017","jul",4,7.9,84,NA,NA,NA,NA,NA,NA
"456","8","833","Red Oak","QURU","B10B","S","1","Y","D",80,25.5,"hi","2017","jul",2,7.9,84,NA,NA,NA,NA,NA,NA
"457","9","409","Mockernut Hickory","CATO","B10B","S","1","Y","C",90,10,"lo","2017","jul",4,7.9,84,NA,NA,NA,NA,NA,NA
"458","10","833","Red Oak","QURU","B10B","S","1","N","D",140,23.4,"hi","2017","jul",0,7.9,84,NA,NA,NA,NA,NA,NA
"459","11","833","Red Oak","QURU","B10B","S","1","N","C",150,9.3,"lo","2017","jul",0,7.9,84,NA,NA,NA,NA,NA,NA
"460","12","409","Mockernut Hickory","CATO","B10B","S","1","N","C",110,11.6,"lo","2017","jul",0,7.9,84,NA,NA,NA,NA,NA,NA
"461","13","802","White Oak","QUAL","B06B","N","1","Y","C",70,14.5,"lo","2017","jul",3,7.98,83.5,NA,NA,NA,NA,NA,NA
"462","14","802","White Oak","QUAL","B06B","N","1","N","C",140,11.6,"lo","2017","jul",0,7.98,83.5,NA,NA,NA,NA,NA,NA
"463","15","833","Red Oak","QURU","B06B","N","1","Y","C",100,11.5,"lo","2017","jul",10,7.98,83.5,NA,NA,NA,NA,NA,NA
"464","16","833","Red Oak","QURU","B06B","N","1","N","C",130,12.9,"lo","2017","jul",7,7.98,83.5,NA,NA,NA,NA,NA,NA
"465","17","832","Chestnut Oak","QUMO","B06B","N","1","Y","D",90,16.5,"lo","2017","jul",4,7.98,83.5,NA,NA,NA,NA,NA,NA
"466","18","129","White Pine","PIST","B06B","N","1","N","C",160,4.5,"lo","2017","jul",1,7.98,83.5,NA,NA,NA,NA,NA,NA
"467","19","832","Chestnut Oak","QUMO","B06B","N","1","N","C",150,13.6,"lo","2017","jul",1.5,7.98,83.5,NA,NA,NA,NA,NA,NA
"468","20","129","White Pine","PIST","B06B","N","1","Y","C",80,8.2,"lo","2017","jul",12,7.98,83.5,NA,NA,NA,NA,NA,NA
"469","21","316","Red Maple","ACRU","B06B","N","1","Y","C",70,10.9,"lo","2017","jul",6,7.98,83.5,NA,NA,NA,NA,NA,NA
"470","22","316","Red Maple","ACRU","B06B","N","1","N","C",110,11.9,"lo","2017","jul",0,7.98,83.5,NA,NA,NA,NA,NA,NA
"471","23","372","Black Birch","BELE","B10B","S","2","Y","C",70,13.5,"lo","2017","jul",5,7.9,84,NA,NA,NA,NA,NA,NA
"472","24","372","Black Birch","BELE","B10B","S","2","N","C",90,10.3,"lo","2017","jul",3,7.9,84,NA,NA,NA,NA,NA,NA
"473","25","743","Bigtooth Aspen","POGR","C03x","N","1","N","C",150,10.8,"na","2017","jul",0,10.17,83.48484848,NA,NA,NA,NA,NA,NA
"474","26","802","White Oak","QUAL","C03x","N","1","N","C",110,11.1,"na","2017","jul",2,10.17,83.48484848,NA,NA,NA,NA,NA,NA
"475","27","129","White Pine","PIST","C03x","N","2","N","C",170,15.3,"na","2017","jul",0,10.17,83.48484848,NA,NA,NA,NA,NA,NA
"476","28","261","Eastern Hemlock","TSCA","C03x","N","1","N","I",100,9.6,"na","2017","jul",0,10.17,83.48484848,NA,NA,NA,NA,NA,NA
"477","29","743","Bigtooth Aspen","POGR","C03x","N","3","Y","C",70,11.9,"na","2017","jul",0,10.17,83.48484848,NA,NA,NA,NA,NA,NA
"478","30","129","White Pine","PIST","C03x","N","3","Y","C",60,12.2,"na","2017","jul",0,10.17,83.48484848,NA,NA,NA,NA,NA,NA
"479","31","261","Eastern Hemlock","TSCA","C03x","N","3","Y","I",70,8,"na","2017","jul",8.5,10.17,83.48484848,NA,NA,NA,NA,NA,NA
"480","32","802","White Oak","QUAL","C03x","N","2","Y","C",140,11.7,"na","2017","jul",1.5,10.17,83.48484848,NA,NA,NA,NA,NA,NA
"481","1","621","Tulip Poplar","LITU","B10B","S","2","Y","C",100,12.3,"lo","2017","aug",3,8.43,79.44444444,NA,NA,NA,NA,NA,NA
"482","2","621","Tulip Poplar","LITU","B10B","S","3","N","C",200,9.1,"lo","2017","aug",2,8.43,79.44444444,NA,NA,NA,NA,NA,NA
"483","3","832","Chestnut Oak","QUMO","B10B","S","3","Y","C",70,10.3,"lo","2017","aug",0,8.43,79.44444444,NA,NA,NA,NA,NA,NA
"484","4","832","Chestnut Oak","QUMO","B10B","S","3","N","D",140,12.2,"lo","2017","aug",0,8.43,79.44444444,NA,NA,NA,NA,NA,NA
"485","5","621","Tulip Poplar","LITU","B10B","S","2","N","D",120,21.1,"hi","2017","aug",6,8.43,79.44444444,NA,NA,NA,NA,NA,NA
"486","6","621","Tulip Poplar","LITU","B10B","S","2","Y","D",60,19.5,"lo","2017","aug",4,8.43,79.44444444,NA,NA,NA,NA,NA,NA
"487","7","833","Red Oak","QURU","B10B","S","1","Y","C",80,9.4,"lo","2017","aug",3,8.43,79.35135135,NA,NA,NA,NA,NA,NA
"488","8","833","Red Oak","QURU","B10B","S","1","Y","D",80,25.5,"hi","2017","aug",0,8.43,79.35135135,NA,NA,NA,NA,NA,NA
"489","9","409","Mockernut Hickory","CATO","B10B","S","1","Y","C",90,10,"lo","2017","aug",0.5,8.43,79.35135135,NA,NA,NA,NA,NA,NA
"490","10","833","Red Oak","QURU","B10B","S","1","N","D",140,23.4,"hi","2017","aug",1,8.43,79.35135135,NA,NA,NA,NA,NA,NA
"491","11","833","Red Oak","QURU","B10B","S","1","N","C",150,9.3,"lo","2017","aug",NA,8.43,79.35135135,NA,NA,NA,NA,NA,NA
"492","12","409","Mockernut Hickory","CATO","B10B","S","1","N","C",110,11.6,"lo","2017","aug",0,8.43,79.35135135,NA,NA,NA,NA,NA,NA
"493","13","802","White Oak","QUAL","B06B","N","1","Y","C",70,14.5,"lo","2017","aug",1,8.43,79.44444444,NA,NA,NA,NA,NA,NA
"494","14","802","White Oak","QUAL","B06B","N","1","N","C",140,11.6,"lo","2017","aug",0,8.43,79.44444444,NA,NA,NA,NA,NA,NA
"495","15","833","Red Oak","QURU","B06B","N","1","Y","C",100,11.5,"lo","2017","aug",3,8.43,79.44444444,NA,NA,NA,NA,NA,NA
"496","16","833","Red Oak","QURU","B06B","N","1","N","C",130,12.9,"lo","2017","aug",0,8.43,79.44444444,NA,NA,NA,NA,NA,NA
"497","17","832","Chestnut Oak","QUMO","B06B","N","1","Y","D",90,16.5,"lo","2017","aug",0,8.43,79.44444444,NA,NA,NA,NA,NA,NA
"498","18","129","White Pine","PIST","B06B","N","1","N","C",160,4.5,"lo","2017","aug",0,8.43,79.44444444,NA,NA,NA,NA,NA,NA
"499","19","832","Chestnut Oak","QUMO","B06B","N","1","N","C",150,13.6,"lo","2017","aug",1,8.43,79.44444444,NA,NA,NA,NA,NA,NA
"500","20","129","White Pine","PIST","B06B","N","1","Y","C",80,8.2,"lo","2017","aug",15,8.43,79.44444444,NA,NA,NA,NA,NA,NA
"501","21","316","Red Maple","ACRU","B06B","N","1","Y","C",70,10.9,"lo","2017","aug",0,8.43,79.44444444,NA,NA,NA,NA,NA,NA
"502","22","316","Red Maple","ACRU","B06B","N","1","N","C",110,11.9,"lo","2017","aug",0,8.43,79.44444444,NA,NA,NA,NA,NA,NA
"503","23","372","Black Birch","BELE","B10B","S","2","Y","C",70,13.5,"lo","2017","aug",3,8.43,79.35135135,NA,NA,NA,NA,NA,NA
"504","24","372","Black Birch","BELE","B10B","S","2","N","C",90,10.3,"lo","2017","aug",2,8.43,79.35135135,NA,NA,NA,NA,NA,NA
"505","25","743","Bigtooth Aspen","POGR","C03x","N","1","N","C",150,10.8,"na","2017","aug",0,8.43,79.44444444,NA,NA,NA,NA,NA,NA
"506","26","802","White Oak","QUAL","C03x","N","1","N","C",110,11.1,"na","2017","aug",1,8.43,79.44444444,NA,NA,NA,NA,NA,NA
"507","27","129","White Pine","PIST","C03x","N","2","N","C",170,15.3,"na","2017","aug",0,8.43,79.44444444,NA,NA,NA,NA,NA,NA
"508","28","261","Eastern Hemlock","TSCA","C03x","N","1","N","I",100,9.6,"na","2017","aug",NA,8.43,79.44444444,NA,NA,NA,NA,NA,NA
"509","29","743","Bigtooth Aspen","POGR","C03x","N","3","Y","C",70,11.9,"na","2017","aug",0,8.43,79.44444444,NA,NA,NA,NA,NA,NA
"510","30","129","White Pine","PIST","C03x","N","3","Y","C",60,12.2,"na","2017","aug",0,8.43,79.44444444,NA,NA,NA,NA,NA,NA
"511","31","261","Eastern Hemlock","TSCA","C03x","N","3","Y","I",70,8,"na","2017","aug",6,8.43,79.44444444,NA,NA,NA,NA,NA,NA
"512","32","802","White Oak","QUAL","C03x","N","2","Y","C",140,11.7,"na","2017","aug",1,8.43,79.44444444,NA,NA,NA,NA,NA,NA
"513","1","621","Tulip Poplar","LITU","B10B","S","2","Y","C",100,12.3,"lo","2017","sep",2,3.32,76.06896552,NA,NA,NA,NA,NA,NA
"514","2","621","Tulip Poplar","LITU","B10B","S","3","N","C",200,9.1,"lo","2017","sep",0,3.32,76.06896552,NA,NA,NA,NA,NA,NA
"515","3","832","Chestnut Oak","QUMO","B10B","S","3","Y","C",70,10.3,"lo","2017","sep",0,3.32,76.06896552,NA,NA,NA,NA,NA,NA
"516","4","832","Chestnut Oak","QUMO","B10B","S","3","N","D",140,12.2,"lo","2017","sep",0,3.32,76.06896552,NA,NA,NA,NA,NA,NA
"517","5","621","Tulip Poplar","LITU","B10B","S","2","N","D",120,21.1,"hi","2017","sep",1,3.32,76.06896552,NA,NA,NA,NA,NA,NA
"518","6","621","Tulip Poplar","LITU","B10B","S","2","Y","D",60,19.5,"lo","2017","sep",0,3.32,76.06896552,NA,NA,NA,NA,NA,NA
"519","7","833","Red Oak","QURU","B10B","S","1","Y","C",80,9.4,"lo","2017","sep",0,3.07,76.53571429,NA,NA,NA,NA,NA,NA
"520","8","833","Red Oak","QURU","B10B","S","1","Y","D",80,25.5,"hi","2017","sep",0,3.07,76.53571429,NA,NA,NA,NA,NA,NA
"521","9","409","Mockernut Hickory","CATO","B10B","S","1","Y","C",90,10,"lo","2017","sep",0,3.07,76.53571429,NA,NA,NA,NA,NA,NA
"522","10","833","Red Oak","QURU","B10B","S","1","N","D",140,23.4,"hi","2017","sep",0,3.07,76.53571429,NA,NA,NA,NA,NA,NA
"523","11","833","Red Oak","QURU","B10B","S","1","N","C",150,9.3,"lo","2017","sep",0,3.07,76.53571429,NA,NA,NA,NA,NA,NA
"524","12","409","Mockernut Hickory","CATO","B10B","S","1","N","C",110,11.6,"lo","2017","sep",1,3.07,76.53571429,NA,NA,NA,NA,NA,NA
"525","13","802","White Oak","QUAL","B06B","N","1","Y","C",70,14.5,"lo","2017","sep",NA,3.32,76.06896552,NA,NA,NA,NA,NA,NA
"526","14","802","White Oak","QUAL","B06B","N","1","N","C",140,11.6,"lo","2017","sep",0,3.32,76.06896552,NA,NA,NA,NA,NA,NA
"527","15","833","Red Oak","QURU","B06B","N","1","Y","C",100,11.5,"lo","2017","sep",0,3.32,76.06896552,NA,NA,NA,NA,NA,NA
"528","16","833","Red Oak","QURU","B06B","N","1","N","C",130,12.9,"lo","2017","sep",NA,3.32,76.06896552,NA,NA,NA,NA,NA,NA
"529","17","832","Chestnut Oak","QUMO","B06B","N","1","Y","D",90,16.5,"lo","2017","sep",0,3.32,76.06896552,NA,NA,NA,NA,NA,NA
"530","18","129","White Pine","PIST","B06B","N","1","N","C",160,4.5,"lo","2017","sep",0,3.32,76.06896552,NA,NA,NA,NA,NA,NA
"531","19","832","Chestnut Oak","QUMO","B06B","N","1","N","C",150,13.6,"lo","2017","sep",1,3.32,76.06896552,NA,NA,NA,NA,NA,NA
"532","20","129","White Pine","PIST","B06B","N","1","Y","C",80,8.2,"lo","2017","sep",7,3.32,76.06896552,NA,NA,NA,NA,NA,NA
"533","21","316","Red Maple","ACRU","B06B","N","1","Y","C",70,10.9,"lo","2017","sep",0,3.32,76.06896552,NA,NA,NA,NA,NA,NA
"534","22","316","Red Maple","ACRU","B06B","N","1","N","C",110,11.9,"lo","2017","sep",0,3.32,76.06896552,NA,NA,NA,NA,NA,NA
"535","23","372","Black Birch","BELE","B10B","S","2","Y","C",70,13.5,"lo","2017","sep",0,3.07,76.53571429,NA,NA,NA,NA,NA,NA
"536","24","372","Black Birch","BELE","B10B","S","2","N","C",90,10.3,"lo","2017","sep",0,3.07,76.53571429,NA,NA,NA,NA,NA,NA
"537","25","743","Bigtooth Aspen","POGR","C03x","N","1","N","C",150,10.8,"na","2017","sep",0,3.32,76.06896552,NA,NA,NA,NA,NA,NA
"538","26","802","White Oak","QUAL","C03x","N","1","N","C",110,11.1,"na","2017","sep",0,3.32,76.06896552,NA,NA,NA,NA,NA,NA
"539","27","129","White Pine","PIST","C03x","N","2","N","C",170,15.3,"na","2017","sep",0,3.32,76.06896552,NA,NA,NA,NA,NA,NA
"540","28","261","Eastern Hemlock","TSCA","C03x","N","1","N","I",100,9.6,"na","2017","sep",1,3.32,76.06896552,NA,NA,NA,NA,NA,NA
"541","29","743","Bigtooth Aspen","POGR","C03x","N","3","Y","C",70,11.9,"na","2017","sep",0,3.32,76.06896552,NA,NA,NA,NA,NA,NA
"542","30","129","White Pine","PIST","C03x","N","3","Y","C",60,12.2,"na","2017","sep",NA,3.32,76.06896552,NA,NA,NA,NA,NA,NA
"543","31","261","Eastern Hemlock","TSCA","C03x","N","3","Y","I",70,8,"na","2017","sep",0,3.32,76.06896552,NA,NA,NA,NA,NA,NA
"544","32","802","White Oak","QUAL","C03x","N","2","Y","C",140,11.7,"na","2017","sep",0,3.32,76.06896552,NA,NA,NA,NA,NA,NA
"545","1","621","Tulip Poplar","LITU","B10B","S","2","Y","C",100,12.3,"lo","2017","oct",1,5.06,69.20512821,NA,NA,NA,NA,NA,NA
"546","2","621","Tulip Poplar","LITU","B10B","S","3","N","C",200,9.1,"lo","2017","oct",0,5.06,69.20512821,NA,NA,NA,NA,NA,NA
"547","3","832","Chestnut Oak","QUMO","B10B","S","3","Y","C",70,10.3,"lo","2017","oct",0,5.06,69.20512821,NA,NA,NA,NA,NA,NA
"548","4","832","Chestnut Oak","QUMO","B10B","S","3","N","D",140,12.2,"lo","2017","oct",0,5.06,69.20512821,NA,NA,NA,NA,NA,NA
"549","5","621","Tulip Poplar","LITU","B10B","S","2","N","D",120,21.1,"hi","2017","oct",6,5.06,69.20512821,NA,NA,NA,NA,NA,NA
"550","6","621","Tulip Poplar","LITU","B10B","S","2","Y","D",60,19.5,"lo","2017","oct",1,5.06,69.20512821,NA,NA,NA,NA,NA,NA
"551","7","833","Red Oak","QURU","B10B","S","1","Y","C",80,9.4,"lo","2017","oct",0,5.06,69.20512821,NA,NA,NA,NA,NA,NA
"552","8","833","Red Oak","QURU","B10B","S","1","Y","D",80,25.5,"hi","2017","oct",1,5.06,69.20512821,NA,NA,NA,NA,NA,NA
"553","9","409","Mockernut Hickory","CATO","B10B","S","1","Y","C",90,10,"lo","2017","oct",0,5.06,69.20512821,NA,NA,NA,NA,NA,NA
"554","10","833","Red Oak","QURU","B10B","S","1","N","D",140,23.4,"hi","2017","oct",NA,5.06,69.20512821,NA,NA,NA,NA,NA,NA
"555","11","833","Red Oak","QURU","B10B","S","1","N","C",150,9.3,"lo","2017","oct",0,5.06,69.20512821,NA,NA,NA,NA,NA,NA
"556","12","409","Mockernut Hickory","CATO","B10B","S","1","N","C",110,11.6,"lo","2017","oct",NA,5.06,69.20512821,NA,NA,NA,NA,NA,NA
"557","13","802","White Oak","QUAL","B06B","N","1","Y","C",70,14.5,"lo","2017","oct",0,5.57,68.52380952,NA,NA,NA,NA,NA,NA
"558","14","802","White Oak","QUAL","B06B","N","1","N","C",140,11.6,"lo","2017","oct",0,5.57,68.52380952,NA,NA,NA,NA,NA,NA
"559","15","833","Red Oak","QURU","B06B","N","1","Y","C",100,11.5,"lo","2017","oct",0,5.57,68.52380952,NA,NA,NA,NA,NA,NA
"560","16","833","Red Oak","QURU","B06B","N","1","N","C",130,12.9,"lo","2017","oct",1,5.57,68.52380952,NA,NA,NA,NA,NA,NA
"561","17","832","Chestnut Oak","QUMO","B06B","N","1","Y","D",90,16.5,"lo","2017","oct",1,5.57,68.52380952,NA,NA,NA,NA,NA,NA
"562","18","129","White Pine","PIST","B06B","N","1","N","C",160,4.5,"lo","2017","oct",0,5.57,68.52380952,NA,NA,NA,NA,NA,NA
"563","19","832","Chestnut Oak","QUMO","B06B","N","1","N","C",150,13.6,"lo","2017","oct",0.5,5.57,68.52380952,NA,NA,NA,NA,NA,NA
"564","20","129","White Pine","PIST","B06B","N","1","Y","C",80,8.2,"lo","2017","oct",NA,5.57,68.52380952,NA,NA,NA,NA,NA,NA
"565","21","316","Red Maple","ACRU","B06B","N","1","Y","C",70,10.9,"lo","2017","oct",0.5,5.57,68.52380952,NA,NA,NA,NA,NA,NA
"566","22","316","Red Maple","ACRU","B06B","N","1","N","C",110,11.9,"lo","2017","oct",0,5.57,68.52380952,NA,NA,NA,NA,NA,NA
"567","23","372","Black Birch","BELE","B10B","S","2","Y","C",70,13.5,"lo","2017","oct",0,5.06,69.20512821,NA,NA,NA,NA,NA,NA
"568","24","372","Black Birch","BELE","B10B","S","2","N","C",90,10.3,"lo","2017","oct",0.5,5.06,69.20512821,NA,NA,NA,NA,NA,NA
"569","25","743","Bigtooth Aspen","POGR","C03x","N","1","N","C",150,10.8,"na","2017","oct",0.5,5.06,69.20512821,NA,NA,NA,NA,NA,NA
"570","26","802","White Oak","QUAL","C03x","N","1","N","C",110,11.1,"na","2017","oct",0,5.06,69.20512821,NA,NA,NA,NA,NA,NA
"571","27","129","White Pine","PIST","C03x","N","2","N","C",170,15.3,"na","2017","oct",0,5.06,69.20512821,NA,NA,NA,NA,NA,NA
"572","28","261","Eastern Hemlock","TSCA","C03x","N","1","N","I",100,9.6,"na","2017","oct",0,5.06,69.20512821,NA,NA,NA,NA,NA,NA
"573","29","743","Bigtooth Aspen","POGR","C03x","N","3","Y","C",70,11.9,"na","2017","oct",0,5.06,69.20512821,NA,NA,NA,NA,NA,NA
"574","30","129","White Pine","PIST","C03x","N","3","Y","C",60,12.2,"na","2017","oct",0,5.06,69.20512821,NA,NA,NA,NA,NA,NA
"575","31","261","Eastern Hemlock","TSCA","C03x","N","3","Y","I",70,8,"na","2017","oct",1,5.06,69.20512821,NA,NA,NA,NA,NA,NA
"576","32","802","White Oak","QUAL","C03x","N","2","Y","C",140,11.7,"na","2017","oct",0.5,5.06,69.20512821,NA,NA,NA,NA,NA,NA
